"model","estimate","se","lower","upper","ratio"
"Updated model",3.27725018281682,0.15501039823795,3.12223978457887,3.43226058105477,"original"
"Original model",1.97032282396589,0.146491063550398,1.8238317604155,2.11681388751629,"original"
"Original model - WTD only",2.37139324862914,0.162614598347646,2.20877865028149,2.53400784697678,"original"
"Updated model",4.58815025594355,0.15501039823795,4.4331398577056,4.7431606541815,"high"
"Original model",2.75845195355225,0.146491063550398,2.61196089000185,2.90494301710265,"high"
"Original model - WTD only",3.31995054808079,0.162614598347646,3.15733594973315,3.48256514642844,"high"
"Updated model",1.96635010969009,0.15501039823795,1.81133971145215,2.12136050792804,"low"
"Original model",1.18219369437954,0.146491063550398,1.03570263082914,1.32868475792993,"low"
"Original model - WTD only",1.42283594917748,0.162614598347646,1.26022135082984,1.58545054752513,"low"
"Updated model",6.6078931703345,0.15501039823795,6.45288277209655,6.76290356857245,"mixed"
"Original model",4.05639035299565,0.146491063550398,3.90989928944525,4.20288141654605,"mixed"
"Original model - WTD only",4.7372147561072,0.162614598347646,4.57460015775956,4.89982935445485,"mixed"
