"acresid","wtd","bulkdensity","mucktype","soiltemp","numacres","tx","elevation","distkm","lai","totalGDD","scPDSI","vegetation","location","site","uniqueid","soilresp"
1,20,1.52160714285714,1,17.6729621887207,32912.3774497382,1,15.0157680511475,5.74192195331672,42.6873664855957,NA,NA,0,"Holly Shelter","Holly Shelter","Holly Shelter1",NA
2,20,1.38454545454545,1,17.2674999237061,30960.3963059861,1,10.1506385803223,11.1148675778484,29.7841606140137,NA,NA,0,"Holly Shelter","Holly Shelter","Holly Shelter1",NA
3,20,1.45947368421053,1,17.4066581726074,32835.5958599601,1,10.2621154785156,11.0290919319058,40.5778961181641,NA,NA,0,"Holly Shelter","Holly Shelter","Holly Shelter1",NA
4,20,1.51354166666667,1,17.5795154571533,32819.0337245593,1,13.445689201355,6.47269624166029,41.2468109130859,NA,NA,0,"Holly Shelter","Holly Shelter","Holly Shelter1",NA
5,20,1.38454545454545,1,17.3934383392334,30960.3963059861,1,11.2464685440063,9.58718877420113,29.3471012115479,NA,NA,0,"Holly Shelter","Holly Shelter","Holly Shelter1",NA
6,20,1.39130434782609,1,17.4390716552734,33097.1339039725,1,12.0822086334229,7.78728404800505,39.9262237548828,NA,NA,0,"Holly Shelter","Holly Shelter","Holly Shelter1",NA
7,20,1.47,1,17.3412303924561,30444.3869196382,1,9.99185466766357,14.2169706775988,29.9198303222656,NA,NA,0,"Holly Shelter","Holly Shelter","Holly Shelter1",NA
8,20,1.50226666666667,1,17.5349006652832,33839.3566124639,1,14.1106491088867,5.90848889385764,51.6395721435547,NA,NA,0,"Holly Shelter","Holly Shelter","Holly Shelter1",NA
9,20,1.44675675675676,1,17.5397186279297,33462.6288371602,1,12.8503751754761,7.18369387177638,52.1501579284668,NA,NA,0,"Holly Shelter","Holly Shelter","Holly Shelter1",NA
10,20,1.4555,1,17.2370433807373,30371.6184284631,1,9.56362628936768,16.3902318448964,36.5455436706543,NA,NA,0,"Holly Shelter","Holly Shelter","Holly Shelter1",NA
11,20,1.49516129032258,1,17.2878246307373,30496.7293971029,1,9.60535049438477,16.7341394900774,28.0137615203857,NA,NA,0,"Holly Shelter","Holly Shelter","Holly Shelter1",NA
12,20,1.42466666666667,1,17.2942028045654,30291.5249481173,1,9.8849573135376,12.5164415603396,34.1256408691406,NA,NA,0,"Holly Shelter","Holly Shelter","Holly Shelter1",NA
13,20,1.42466666666667,1,17.2377777099609,30291.5249481173,1,10.0012836456299,14.6417128577581,32.4714202880859,NA,NA,0,"Holly Shelter","Holly Shelter","Holly Shelter1",NA
14,20,1.596,1,17.4101448059082,2533.06871953821,1,11.2312870025635,9.63757203849807,42.3878898620605,NA,NA,0,"Holly Shelter","Holly Shelter","Holly Shelter1",NA
15,20,1.4555,1,17.2315673828125,30413.3179126527,1,9.91036605834961,12.3760898522236,50.887264251709,NA,NA,0,"Holly Shelter","Holly Shelter","Holly Shelter1",NA
16,20,1.39130434782609,1,17.3577613830566,33097.1339039725,1,11.4088039398193,8.9306058276732,35.8154182434082,NA,NA,0,"Holly Shelter","Holly Shelter","Holly Shelter1",NA
17,20,1.38454545454545,1,17.1830158233643,30960.3963059861,1,9.49722576141357,13.19416731026,31.1969623565674,NA,NA,0,"Holly Shelter","Holly Shelter","Holly Shelter1",NA
18,20,1.50888888888889,1,17.5974292755127,32489.5930620473,1,12.7384881973267,7.8020514134021,50.3846702575684,NA,NA,0,"Holly Shelter","Holly Shelter","Holly Shelter1",NA
19,20,1.363,1,17.3759288787842,30155.6347096272,1,11.4435148239136,11.0448687822836,32.2757949829102,NA,NA,0,"Holly Shelter","Holly Shelter","Holly Shelter1",NA
20,20,1.363,1,17.4408168792725,30155.6347096272,1,12.5720300674438,8.6698258448247,36.3190498352051,NA,NA,0,"Holly Shelter","Holly Shelter","Holly Shelter1",NA
21,20,1.50625,1,17.4273490905762,30446.3273487003,1,10.3704853057861,13.3226080500903,30.9749584197998,NA,NA,0,"Holly Shelter","Holly Shelter","Holly Shelter1",NA
22,20,1.47590909090909,1,17.2340202331543,31030.7146333853,1,9.28318405151367,15.272799178192,27.7535820007324,NA,NA,0,"Holly Shelter","Holly Shelter","Holly Shelter1",NA
23,20,1.45470588235294,1,17.2741012573242,31000.571220456,1,9.15145301818848,13.5013667397806,26.4987335205078,NA,NA,0,"Holly Shelter","Holly Shelter","Holly Shelter1",NA
24,20,1.38454545454545,1,17.2833003997803,30960.3963059861,1,10.1388654708862,12.0661031787259,28.1129970550537,NA,NA,0,"Holly Shelter","Holly Shelter","Holly Shelter1",NA
25,20,1.41307692307692,1,17.3181781768799,32350.0720166057,1,10.2820329666138,10.997762758644,29.9945793151855,NA,NA,0,"Holly Shelter","Holly Shelter","Holly Shelter1",NA
26,20,1.4555,1,17.2105598449707,30371.6184284631,1,10.0943584442139,14.7158199564709,50.1833267211914,NA,NA,0,"Holly Shelter","Holly Shelter","Holly Shelter1",NA
27,20,1.474,1,17.2534294128418,30218.8236421098,1,9.43579578399658,18.764112973174,33.7232093811035,NA,NA,0,"Holly Shelter","Holly Shelter","Holly Shelter1",NA
1,46.2073338210647,1.52160714285714,1,17.6729621887207,32912.3774497382,0,15.0157680511475,5.74192195331672,42.6873664855957,NA,NA,0,"Holly Shelter","Holly Shelter","Holly Shelter1",NA
2,46.2073338210647,1.38454545454545,1,17.2674999237061,30960.3963059861,0,10.1506385803223,11.1148675778484,29.7841606140137,NA,NA,0,"Holly Shelter","Holly Shelter","Holly Shelter1",NA
3,46.2073338210647,1.45947368421053,1,17.4066581726074,32835.5958599601,0,10.2621154785156,11.0290919319058,40.5778961181641,NA,NA,0,"Holly Shelter","Holly Shelter","Holly Shelter1",NA
4,46.2073338210647,1.51354166666667,1,17.5795154571533,32819.0337245593,0,13.445689201355,6.47269624166029,41.2468109130859,NA,NA,0,"Holly Shelter","Holly Shelter","Holly Shelter1",NA
5,46.2073338210647,1.38454545454545,1,17.3934383392334,30960.3963059861,0,11.2464685440063,9.58718877420113,29.3471012115479,NA,NA,0,"Holly Shelter","Holly Shelter","Holly Shelter1",NA
6,46.2073338210647,1.39130434782609,1,17.4390716552734,33097.1339039725,0,12.0822086334229,7.78728404800505,39.9262237548828,NA,NA,0,"Holly Shelter","Holly Shelter","Holly Shelter1",NA
7,46.2073338210647,1.47,1,17.3412303924561,30444.3869196382,0,9.99185466766357,14.2169706775988,29.9198303222656,NA,NA,0,"Holly Shelter","Holly Shelter","Holly Shelter1",NA
8,46.2073338210647,1.50226666666667,1,17.5349006652832,33839.3566124639,0,14.1106491088867,5.90848889385764,51.6395721435547,NA,NA,0,"Holly Shelter","Holly Shelter","Holly Shelter1",NA
9,46.2073338210647,1.44675675675676,1,17.5397186279297,33462.6288371602,0,12.8503751754761,7.18369387177638,52.1501579284668,NA,NA,0,"Holly Shelter","Holly Shelter","Holly Shelter1",NA
10,46.2073338210647,1.4555,1,17.2370433807373,30371.6184284631,0,9.56362628936768,16.3902318448964,36.5455436706543,NA,NA,0,"Holly Shelter","Holly Shelter","Holly Shelter1",NA
11,46.2073338210647,1.49516129032258,1,17.2878246307373,30496.7293971029,0,9.60535049438477,16.7341394900774,28.0137615203857,NA,NA,0,"Holly Shelter","Holly Shelter","Holly Shelter1",NA
12,46.2073338210647,1.42466666666667,1,17.2942028045654,30291.5249481173,0,9.8849573135376,12.5164415603396,34.1256408691406,NA,NA,0,"Holly Shelter","Holly Shelter","Holly Shelter1",NA
13,46.2073338210647,1.42466666666667,1,17.2377777099609,30291.5249481173,0,10.0012836456299,14.6417128577581,32.4714202880859,NA,NA,0,"Holly Shelter","Holly Shelter","Holly Shelter1",NA
14,46.2073338210647,1.596,1,17.4101448059082,2533.06871953821,0,11.2312870025635,9.63757203849807,42.3878898620605,NA,NA,0,"Holly Shelter","Holly Shelter","Holly Shelter1",NA
15,46.2073338210647,1.4555,1,17.2315673828125,30413.3179126527,0,9.91036605834961,12.3760898522236,50.887264251709,NA,NA,0,"Holly Shelter","Holly Shelter","Holly Shelter1",NA
16,46.2073338210647,1.39130434782609,1,17.3577613830566,33097.1339039725,0,11.4088039398193,8.9306058276732,35.8154182434082,NA,NA,0,"Holly Shelter","Holly Shelter","Holly Shelter1",NA
17,46.2073338210647,1.38454545454545,1,17.1830158233643,30960.3963059861,0,9.49722576141357,13.19416731026,31.1969623565674,NA,NA,0,"Holly Shelter","Holly Shelter","Holly Shelter1",NA
18,46.2073338210647,1.50888888888889,1,17.5974292755127,32489.5930620473,0,12.7384881973267,7.8020514134021,50.3846702575684,NA,NA,0,"Holly Shelter","Holly Shelter","Holly Shelter1",NA
19,46.2073338210647,1.363,1,17.3759288787842,30155.6347096272,0,11.4435148239136,11.0448687822836,32.2757949829102,NA,NA,0,"Holly Shelter","Holly Shelter","Holly Shelter1",NA
20,46.2073338210647,1.363,1,17.4408168792725,30155.6347096272,0,12.5720300674438,8.6698258448247,36.3190498352051,NA,NA,0,"Holly Shelter","Holly Shelter","Holly Shelter1",NA
21,46.2073338210647,1.50625,1,17.4273490905762,30446.3273487003,0,10.3704853057861,13.3226080500903,30.9749584197998,NA,NA,0,"Holly Shelter","Holly Shelter","Holly Shelter1",NA
22,46.2073338210647,1.47590909090909,1,17.2340202331543,31030.7146333853,0,9.28318405151367,15.272799178192,27.7535820007324,NA,NA,0,"Holly Shelter","Holly Shelter","Holly Shelter1",NA
23,46.2073338210647,1.45470588235294,1,17.2741012573242,31000.571220456,0,9.15145301818848,13.5013667397806,26.4987335205078,NA,NA,0,"Holly Shelter","Holly Shelter","Holly Shelter1",NA
24,46.2073338210647,1.38454545454545,1,17.2833003997803,30960.3963059861,0,10.1388654708862,12.0661031787259,28.1129970550537,NA,NA,0,"Holly Shelter","Holly Shelter","Holly Shelter1",NA
25,46.2073338210647,1.41307692307692,1,17.3181781768799,32350.0720166057,0,10.2820329666138,10.997762758644,29.9945793151855,NA,NA,0,"Holly Shelter","Holly Shelter","Holly Shelter1",NA
26,46.2073338210647,1.4555,1,17.2105598449707,30371.6184284631,0,10.0943584442139,14.7158199564709,50.1833267211914,NA,NA,0,"Holly Shelter","Holly Shelter","Holly Shelter1",NA
27,46.2073338210647,1.474,1,17.2534294128418,30218.8236421098,0,9.43579578399658,18.764112973174,33.7232093811035,NA,NA,0,"Holly Shelter","Holly Shelter","Holly Shelter1",NA
