"acresid","wtd","bulkdensity","mucktype","soiltemp","numacres","tx","elevation","distkm","ndvi","lai","totalGDD","scPDSI","vegetation","location","site","uniqueid","soilresp"
1,20,1.27375,1,15.9666795730591,39375.734014055,1,0.624974966049194,8.42212957574662,-0.085710346698761,16.2930660247803,4502.5,6.14285440117627,0,"PLNWR Area 3","PLNWR Area 3","PLNWR Area 31",NA
2,20,1.29692307692308,1,15.7097158432007,41497.5653791699,1,1.02838277816772,10.9713921511826,-0.0560835488140583,7.26300430297852,4502.5,6.14285440117627,0,"PLNWR Area 3","PLNWR Area 3","PLNWR Area 31",NA
3,20,1.34083333333333,1,16.0767631530762,6955.1206317381,1,0.909790873527527,9.38597583734966,-0.0321713425219059,14.5357837677002,4502.5,6.14285440117627,0,"PLNWR Area 3","PLNWR Area 3","PLNWR Area 31",NA
4,20,1.27375,1,15.8302640914917,39375.734014055,1,0.665070056915283,12.7367427239588,-0.0823229625821114,22.2703895568848,4502.5,6.14285440117627,0,"PLNWR Area 3","PLNWR Area 3","PLNWR Area 31",NA
5,20,1.27375,1,16.0024471282959,39375.734014055,1,1.11755740642548,10.5498226012314,-0.0663793161511421,22.015495300293,4502.5,6.14285440117627,0,"PLNWR Area 3","PLNWR Area 3","PLNWR Area 31",NA
6,20,1.27375,1,15.9493446350098,39375.734014055,1,0.652207851409912,10.5939923657766,-0.101811446249485,16.2516078948975,4502.5,6.14285440117627,0,"PLNWR Area 3","PLNWR Area 3","PLNWR Area 31",NA
7,20,1.25869565217391,1,15.901629447937,45004.7047214577,1,0.719505786895752,12.8008677210937,-0.0870019793510437,18.2394275665283,4502.5,6.14285440117627,0,"PLNWR Area 3","PLNWR Area 3","PLNWR Area 31",NA
8,20,1.2265,1,16.1871089935303,41391.9387121212,1,0.108592361211777,7.64083163382962,-0.0403583198785782,5.35004758834839,4502.5,6.14285440117627,0,"PLNWR Area 3","PLNWR Area 3","PLNWR Area 31",NA
9,20,1.47333333333333,0,16.2770919799805,2991.81024450286,1,1.27054715156555,13.4638186763385,0.130102962255478,6.43961334228516,4502.5,6.14285440117627,0,"PLNWR Area 3","PLNWR Area 3","PLNWR Area 31",NA
10,20,1.24214285714286,1,15.9366416931152,41071.9443584691,1,1.02496218681335,9.94383678006456,-0.0563255473971367,11.7041454315186,4502.5,6.14285440117627,0,"PLNWR Area 3","PLNWR Area 3","PLNWR Area 31",NA
11,20,1.24214285714286,1,16.069278717041,41071.9443584691,1,0.956287741661072,9.78506537457735,-0.0577234216034412,18.5835437774658,4502.5,6.14285440117627,0,"PLNWR Area 3","PLNWR Area 3","PLNWR Area 31",NA
12,20,1.27375,1,16.0669326782227,39375.734014055,1,0.726923882961273,11.3669124863646,-0.0909479036927223,18.0454196929932,4502.5,6.14285440117627,0,"PLNWR Area 3","PLNWR Area 3","PLNWR Area 31",NA
13,20,1.2265,1,15.8180494308472,39535.6650285637,1,1.14813113212585,11.512017432255,-0.0509441681206226,19.2759456634521,4502.5,6.14285440117627,0,"PLNWR Area 3","PLNWR Area 3","PLNWR Area 31",NA
14,20,1.51294117647059,1,16.3372955322266,9678.80821843601,1,0.773114562034607,7.66576725236415,0.126710683107376,4.97888374328613,4502.5,6.14285440117627,0,"PLNWR Area 3","PLNWR Area 3","PLNWR Area 31",NA
15,20,1.27375,1,16.097240447998,39375.734014055,1,0.685019016265869,11.3437696753386,-0.103656187653542,20.9616603851318,4502.5,6.14285440117627,0,"PLNWR Area 3","PLNWR Area 3","PLNWR Area 31",NA
16,20,1.246,1,16.066520690918,42482.725329729,1,0.683854103088379,8.81602112424759,-0.069631814956665,15.1157970428467,4502.5,6.14285440117627,0,"PLNWR Area 3","PLNWR Area 3","PLNWR Area 31",NA
17,20,1.2265,1,16.19162940979,41391.9387121212,1,-0.223337307572365,7.14371582472322,0.0201212167739868,6.11285877227783,4502.5,6.14285440117627,0,"PLNWR Area 3","PLNWR Area 3","PLNWR Area 31",NA
18,20,1.27375,1,16.0156764984131,39375.734014055,1,0.730235040187836,12.0923022382902,-0.0800914391875267,21.7897434234619,4502.5,6.14285440117627,0,"PLNWR Area 3","PLNWR Area 3","PLNWR Area 31",NA
19,20,1.48375,1,16.2542629241943,5978.43457107055,1,0.439519792795181,10.0155817103937,0.126809313893318,9.31815910339355,4502.5,6.14285440117627,0,"PLNWR Area 3","PLNWR Area 3","PLNWR Area 31",NA
20,20,1.27375,1,16.0599422454834,39375.734014055,1,0.747099995613098,9.74626928244494,-0.0794618129730225,18.4859561920166,4502.5,6.14285440117627,0,"PLNWR Area 3","PLNWR Area 3","PLNWR Area 31",NA
21,20,1.27375,1,15.9028158187866,39375.734014055,1,0.952491223812103,13.4627333295686,-0.0913215056061745,24.5921688079834,4502.5,6.14285440117627,0,"PLNWR Area 3","PLNWR Area 3","PLNWR Area 31",NA
22,20,1.41631578947368,1,16.2520351409912,7840.1870352108,1,1.32729077339172,8.61243175581736,-0.0356576181948185,10.5126838684082,4502.5,6.14285440117627,0,"PLNWR Area 3","PLNWR Area 3","PLNWR Area 31",NA
23,20,1.458,1,16.1892166137695,5264.51918804282,1,0.487575680017471,9.30302484698136,0.0738080441951752,7.03941106796265,4502.5,6.14285440117627,0,"PLNWR Area 3","PLNWR Area 3","PLNWR Area 31",NA
24,20,1.27375,1,16.0198345184326,39375.734014055,1,0.870599508285522,12.7362237576158,-0.084319643676281,23.4294853210449,4502.5,6.14285440117627,0,"PLNWR Area 3","PLNWR Area 3","PLNWR Area 31",NA
25,20,1.51416666666667,0,16.2508163452148,5295.82093792003,1,0.700651943683624,8.67999686899918,0.149441838264465,12.2906045913696,4502.5,6.14285440117627,0,"PLNWR Area 3","PLNWR Area 3","PLNWR Area 31",NA
26,20,1.29894736842105,1,16.113697052002,46336.4635465119,1,0.914887130260468,10.2479661869136,-0.0199640840291977,11.5353498458862,4502.5,6.14285440117627,0,"PLNWR Area 3","PLNWR Area 3","PLNWR Area 31",NA
27,20,1.28294117647059,1,15.9700260162354,44063.7546029719,1,1.00120425224304,12.1601941555451,-0.0484094507992268,6.12485265731812,4502.5,6.14285440117627,0,"PLNWR Area 3","PLNWR Area 3","PLNWR Area 31",NA
28,20,1.27375,1,16.0966835021973,39375.734014055,1,0.477617651224136,8.29414193076157,-0.0890725255012512,10.8460884094238,4502.5,6.14285440117627,0,"PLNWR Area 3","PLNWR Area 3","PLNWR Area 31",NA
29,20,1.27375,1,15.9284353256226,39375.734014055,1,0.686192870140076,11.0205234552682,-0.0877296403050423,18.1459083557129,4502.5,6.14285440117627,0,"PLNWR Area 3","PLNWR Area 3","PLNWR Area 31",NA
30,20,1.28294117647059,1,16.1997623443604,44063.7546029719,1,1.1169046163559,12.6241511229595,0.0183593574911356,6.68308115005493,4502.5,6.14285440117627,0,"PLNWR Area 3","PLNWR Area 3","PLNWR Area 31",NA
31,20,1.32103448275862,1,15.9055414199829,41567.5010093876,1,1.16265428066254,10.5034404948419,-0.0493003129959106,8.37350749969482,4502.5,6.14285440117627,0,"PLNWR Area 3","PLNWR Area 3","PLNWR Area 31",NA
32,20,1.27375,1,16.1187934875488,39375.734014055,1,0.808542430400848,9.89097662916662,-0.0824727937579155,17.6410083770752,4502.5,6.14285440117627,0,"PLNWR Area 3","PLNWR Area 3","PLNWR Area 31",NA
33,20,1.24333333333333,1,16.2944564819336,7074.51085587076,1,-0.129401117563248,7.10192923690611,0.071961522102356,3.96786880493164,4502.5,6.14285440117627,0,"PLNWR Area 3","PLNWR Area 3","PLNWR Area 31",NA
34,20,1.24214285714286,1,15.912899017334,41071.9443584691,1,0.992758095264435,10.5924612548374,-0.0792019739747047,19.2344226837158,4502.5,6.14285440117627,0,"PLNWR Area 3","PLNWR Area 3","PLNWR Area 31",NA
35,20,1.27375,1,16.0387725830078,39375.734014055,1,0.677662789821625,10.4587093805681,-0.096905991435051,19.5717678070068,4502.5,6.14285440117627,0,"PLNWR Area 3","PLNWR Area 3","PLNWR Area 31",NA
36,20,1.25391304347826,1,16.2437934875488,46450.2448699257,1,-0.0714075937867165,7.76103238078068,0.117421984672546,2.7570309638977,4502.5,6.14285440117627,0,"PLNWR Area 3","PLNWR Area 3","PLNWR Area 31",NA
37,20,1.25391304347826,1,16.2959957122803,46450.2448699257,1,-0.280022263526917,6.85286478671711,0.153998702764511,5.82544660568237,4502.5,6.14285440117627,0,"PLNWR Area 3","PLNWR Area 3","PLNWR Area 31",NA
38,20,1.26565217391304,1,15.7193641662598,39586.4746058632,1,1.05818235874176,11.6107774383909,-0.0707009509205818,12.8063430786133,4502.5,6.14285440117627,0,"PLNWR Area 3","PLNWR Area 3","PLNWR Area 31",NA
39,20,1.246,1,16.0715198516846,42482.725329729,1,0.861588597297668,9.35431053721631,-0.094025269150734,24.6153869628906,4502.5,6.14285440117627,0,"PLNWR Area 3","PLNWR Area 3","PLNWR Area 31",NA
40,20,1.27375,1,16.1000003814697,39375.734014055,1,0.869325876235962,11.9806416580744,-0.0843104422092438,22.5930004119873,4502.5,6.14285440117627,0,"PLNWR Area 3","PLNWR Area 3","PLNWR Area 31",NA
41,20,1.27375,1,16.0360069274902,39375.734014055,1,0.744579374790192,10.1879877583701,-0.0793455615639687,27.6384449005127,4502.5,6.14285440117627,0,"PLNWR Area 3","PLNWR Area 3","PLNWR Area 31",NA
42,20,1.4030612244898,1,16.2961845397949,42071.3508409114,1,1.87908446788788,9.81289232134962,0.0246446561068296,7.47215414047241,4502.5,6.14285440117627,0,"PLNWR Area 3","PLNWR Area 3","PLNWR Area 31",NA
43,20,1.27375,1,16.0471782684326,39375.734014055,1,0.704031646251678,9.41384063938144,-0.0897288918495178,21.7056941986084,4502.5,6.14285440117627,0,"PLNWR Area 3","PLNWR Area 3","PLNWR Area 31",NA
44,20,1.24214285714286,1,15.9286222457886,41071.9443584691,1,1.06222259998322,10.4696764396768,-0.0321731045842171,14.2445211410522,4502.5,6.14285440117627,0,"PLNWR Area 3","PLNWR Area 3","PLNWR Area 31",NA
45,20,1.46375,1,16.2910060882568,5468.59790490801,1,0.478031873703003,9.47010428751663,0.124655447900295,13.8920745849609,4502.5,6.14285440117627,0,"PLNWR Area 3","PLNWR Area 3","PLNWR Area 31",NA
46,20,1.2725,1,16.1303539276123,1902.42337465239,1,0.690074563026428,9.98069151657923,-0.0222490150481462,7.72077751159668,4502.5,6.14285440117627,0,"PLNWR Area 3","PLNWR Area 3","PLNWR Area 31",NA
47,20,1.27375,1,15.9811010360718,39375.734014055,1,0.775885283946991,10.141031857412,-0.0811159238219261,21.3796806335449,4502.5,6.14285440117627,0,"PLNWR Area 3","PLNWR Area 3","PLNWR Area 31",NA
48,20,1.27375,1,16.1000003814697,39375.734014055,1,0.707829713821411,9.08757026703744,-0.0727651789784431,17.8626251220703,4502.5,6.14285440117627,0,"PLNWR Area 3","PLNWR Area 3","PLNWR Area 31",NA
49,20,1.27375,1,15.9602670669556,39375.734014055,1,0.654561996459961,11.0504372814329,-0.0932232961058617,21.1458778381348,4502.5,6.14285440117627,0,"PLNWR Area 3","PLNWR Area 3","PLNWR Area 31",NA
50,20,1.27375,1,16.1279373168945,39375.734014055,1,0.699944794178009,10.6620609619169,-0.090514063835144,20.5333061218262,4502.5,6.14285440117627,0,"PLNWR Area 3","PLNWR Area 3","PLNWR Area 31",NA
51,20,1.246,1,15.9919023513794,42482.725329729,1,0.739260315895081,9.92323329983213,-0.0992416664958,24.8434371948242,4502.5,6.14285440117627,0,"PLNWR Area 3","PLNWR Area 3","PLNWR Area 31",NA
52,20,1.50818181818182,1,16.3698215484619,9648.41604576508,1,1.65018260478973,7.98434442090657,0.0109802708029747,7.1439905166626,4502.5,6.14285440117627,0,"PLNWR Area 3","PLNWR Area 3","PLNWR Area 31",NA
53,20,1.24655172413793,1,15.8060541152954,44223.6856174807,1,1.09760963916779,12.3303504727104,-0.0727893263101578,9.5096845626831,4502.5,6.14285440117627,0,"PLNWR Area 3","PLNWR Area 3","PLNWR Area 31",NA
54,20,1.34863636363636,1,16.0334434509277,42150.5939721512,1,1.11334240436554,9.51908581317313,-0.0548201762139797,14.7304754257202,4502.5,6.14285440117627,0,"PLNWR Area 3","PLNWR Area 3","PLNWR Area 31",NA
55,20,1.28944444444444,1,16.2584171295166,7090.06688871739,1,0.61546802520752,8.32097562084696,0.131221443414688,3.79098963737488,4502.5,6.14285440117627,0,"PLNWR Area 3","PLNWR Area 3","PLNWR Area 31",NA
56,20,1.27941176470588,1,15.9771766662598,43308.4943770436,1,1.24180781841278,14.7553869037122,-0.0714323595166206,13.7229070663452,4502.5,6.14285440117627,0,"PLNWR Area 3","PLNWR Area 3","PLNWR Area 31",NA
57,20,1.53090909090909,1,16.4124031066895,903.652519255013,1,2.40913105010986,9.16543527915185,0.0409892499446869,9.3930721282959,4502.5,6.14285440117627,0,"PLNWR Area 3","PLNWR Area 3","PLNWR Area 31",NA
58,20,1.27375,1,15.9060440063477,39375.734014055,1,0.644349873065948,11.9191772231508,-0.0891399458050728,19.8477001190186,4502.5,6.14285440117627,0,"PLNWR Area 3","PLNWR Area 3","PLNWR Area 31",NA
59,20,1.27375,1,15.8280172348022,39375.734014055,1,1.23232662677765,11.0474035611389,-0.0868390873074532,22.4638328552246,4502.5,6.14285440117627,0,"PLNWR Area 3","PLNWR Area 3","PLNWR Area 31",NA
60,20,1.27941176470588,1,15.8792533874512,43308.4943770436,1,0.771364212036133,13.5932802501552,-0.0839748755097389,8.47063064575195,4502.5,6.14285440117627,0,"PLNWR Area 3","PLNWR Area 3","PLNWR Area 31",NA
61,20,1.2265,1,16.1764488220215,41391.9387121212,1,0.202218368649483,8.57830370256357,-0.0233760308474302,7.75624132156372,4502.5,6.14285440117627,0,"PLNWR Area 3","PLNWR Area 3","PLNWR Area 31",NA
62,20,1.31727272727273,1,16.2333831787109,6960.72953245692,1,0.360487043857574,8.9493070531359,0.0715067312121391,7.17773771286011,4502.5,6.14285440117627,0,"PLNWR Area 3","PLNWR Area 3","PLNWR Area 31",NA
63,20,1.32909090909091,1,16.2239875793457,46352.0195793585,1,0.370425939559937,9.13728553897626,0.0141028976067901,7.31194877624512,4502.5,6.14285440117627,0,"PLNWR Area 3","PLNWR Area 3","PLNWR Area 31",NA
64,20,1.28294117647059,1,15.8478240966797,44063.7546029719,1,0.701888024806976,12.0179609835073,-0.0935239270329475,17.9344577789307,4502.5,6.14285440117627,0,"PLNWR Area 3","PLNWR Area 3","PLNWR Area 31",NA
65,20,1.27375,1,15.9127779006958,39375.734014055,1,1.1606764793396,11.3153592125655,-0.0830717086791992,20.8194637298584,4502.5,6.14285440117627,0,"PLNWR Area 3","PLNWR Area 3","PLNWR Area 31",NA
66,20,1.28294117647059,1,15.8020782470703,44063.7546029719,1,1.01620173454285,12.5563429476097,-0.0869667232036591,17.5395469665527,4502.5,6.14285440117627,0,"PLNWR Area 3","PLNWR Area 3","PLNWR Area 31",NA
67,20,1.246,1,16.0837154388428,42482.725329729,1,0.524604022502899,8.19479735759907,-0.0579708255827427,9.90173816680908,4502.5,6.14285440117627,0,"PLNWR Area 3","PLNWR Area 3","PLNWR Area 31",NA
68,20,1.378,1,16.1379928588867,7272.55863218411,1,0.891640603542328,8.92864561872637,0.00693811010569334,10.7251825332642,4502.5,6.14285440117627,0,"PLNWR Area 3","PLNWR Area 3","PLNWR Area 31",NA
69,20,1.5065,0,16.3750400543213,9387.26386990251,1,1.09796226024628,7.80675740481345,0.0793140009045601,7.02109718322754,4502.5,6.14285440117627,0,"PLNWR Area 3","PLNWR Area 3","PLNWR Area 31",NA
70,20,1.27375,1,15.9353933334351,39375.734014055,1,1.06968772411346,14.3214875085236,-0.109663665294647,23.0714473724365,4502.5,6.14285440117627,0,"PLNWR Area 3","PLNWR Area 3","PLNWR Area 31",NA
71,20,1.27375,1,16.0521183013916,39375.734014055,1,0.707492351531982,9.11372950966703,-0.0791768208146095,25.2831001281738,4502.5,6.14285440117627,0,"PLNWR Area 3","PLNWR Area 3","PLNWR Area 31",NA
72,20,1.27941176470588,1,16.050313949585,43308.4943770436,1,1.26382780075073,13.4809994729965,-0.10825864225626,15.9558429718018,4502.5,6.14285440117627,0,"PLNWR Area 3","PLNWR Area 3","PLNWR Area 31",NA
73,20,1.24214285714286,1,15.9668273925781,41071.9443584691,1,0.989996373653412,10.5004042184041,-0.0823678076267242,14.7369861602783,4502.5,6.14285440117627,0,"PLNWR Area 3","PLNWR Area 3","PLNWR Area 31",NA
74,20,1.27375,1,15.8741493225098,39375.734014055,1,1.19305896759033,12.0175930855973,-0.0783155933022499,20.8179779052734,4502.5,6.14285440117627,0,"PLNWR Area 3","PLNWR Area 3","PLNWR Area 31",NA
75,20,1.27375,1,15.9055004119873,39375.734014055,1,0.933110654354095,11.2060601489856,-0.0701587572693825,17.283224105835,4502.5,6.14285440117627,0,"PLNWR Area 3","PLNWR Area 3","PLNWR Area 31",NA
76,20,1.51833333333333,1,16.2905883789062,5813.86306788551,1,0.98038899898529,8.15588082009179,0.124000430107117,9.44382667541504,4502.5,6.14285440117627,0,"PLNWR Area 3","PLNWR Area 3","PLNWR Area 31",NA
77,20,1.27375,1,16.0822715759277,39375.734014055,1,0.520724594593048,7.96231988596133,-0.0727358311414719,10.2331056594849,4502.5,6.14285440117627,0,"PLNWR Area 3","PLNWR Area 3","PLNWR Area 31",NA
78,20,1.27941176470588,1,16.317699432373,43308.4943770436,1,1.06478822231293,14.0091400934596,0.0542919673025608,7.84136056900024,4502.5,6.14285440117627,0,"PLNWR Area 3","PLNWR Area 3","PLNWR Area 31",NA
1,26.497977054407,1.27375,1,15.9666795730591,39375.734014055,0,0.624974966049194,8.42212957574662,-0.085710346698761,16.2930660247803,4502.5,6.14285440117627,0,"PLNWR Area 3","PLNWR Area 3","PLNWR Area 31",NA
2,26.497977054407,1.29692307692308,1,15.7097158432007,41497.5653791699,0,1.02838277816772,10.9713921511826,-0.0560835488140583,7.26300430297852,4502.5,6.14285440117627,0,"PLNWR Area 3","PLNWR Area 3","PLNWR Area 31",NA
3,26.497977054407,1.34083333333333,1,16.0767631530762,6955.1206317381,0,0.909790873527527,9.38597583734966,-0.0321713425219059,14.5357837677002,4502.5,6.14285440117627,0,"PLNWR Area 3","PLNWR Area 3","PLNWR Area 31",NA
4,26.497977054407,1.27375,1,15.8302640914917,39375.734014055,0,0.665070056915283,12.7367427239588,-0.0823229625821114,22.2703895568848,4502.5,6.14285440117627,0,"PLNWR Area 3","PLNWR Area 3","PLNWR Area 31",NA
5,26.497977054407,1.27375,1,16.0024471282959,39375.734014055,0,1.11755740642548,10.5498226012314,-0.0663793161511421,22.015495300293,4502.5,6.14285440117627,0,"PLNWR Area 3","PLNWR Area 3","PLNWR Area 31",NA
6,26.497977054407,1.27375,1,15.9493446350098,39375.734014055,0,0.652207851409912,10.5939923657766,-0.101811446249485,16.2516078948975,4502.5,6.14285440117627,0,"PLNWR Area 3","PLNWR Area 3","PLNWR Area 31",NA
7,26.497977054407,1.25869565217391,1,15.901629447937,45004.7047214577,0,0.719505786895752,12.8008677210937,-0.0870019793510437,18.2394275665283,4502.5,6.14285440117627,0,"PLNWR Area 3","PLNWR Area 3","PLNWR Area 31",NA
8,26.497977054407,1.2265,1,16.1871089935303,41391.9387121212,0,0.108592361211777,7.64083163382962,-0.0403583198785782,5.35004758834839,4502.5,6.14285440117627,0,"PLNWR Area 3","PLNWR Area 3","PLNWR Area 31",NA
9,26.497977054407,1.47333333333333,0,16.2770919799805,2991.81024450286,0,1.27054715156555,13.4638186763385,0.130102962255478,6.43961334228516,4502.5,6.14285440117627,0,"PLNWR Area 3","PLNWR Area 3","PLNWR Area 31",NA
10,26.497977054407,1.24214285714286,1,15.9366416931152,41071.9443584691,0,1.02496218681335,9.94383678006456,-0.0563255473971367,11.7041454315186,4502.5,6.14285440117627,0,"PLNWR Area 3","PLNWR Area 3","PLNWR Area 31",NA
11,26.497977054407,1.24214285714286,1,16.069278717041,41071.9443584691,0,0.956287741661072,9.78506537457735,-0.0577234216034412,18.5835437774658,4502.5,6.14285440117627,0,"PLNWR Area 3","PLNWR Area 3","PLNWR Area 31",NA
12,26.497977054407,1.27375,1,16.0669326782227,39375.734014055,0,0.726923882961273,11.3669124863646,-0.0909479036927223,18.0454196929932,4502.5,6.14285440117627,0,"PLNWR Area 3","PLNWR Area 3","PLNWR Area 31",NA
13,26.497977054407,1.2265,1,15.8180494308472,39535.6650285637,0,1.14813113212585,11.512017432255,-0.0509441681206226,19.2759456634521,4502.5,6.14285440117627,0,"PLNWR Area 3","PLNWR Area 3","PLNWR Area 31",NA
14,26.497977054407,1.51294117647059,1,16.3372955322266,9678.80821843601,0,0.773114562034607,7.66576725236415,0.126710683107376,4.97888374328613,4502.5,6.14285440117627,0,"PLNWR Area 3","PLNWR Area 3","PLNWR Area 31",NA
15,26.497977054407,1.27375,1,16.097240447998,39375.734014055,0,0.685019016265869,11.3437696753386,-0.103656187653542,20.9616603851318,4502.5,6.14285440117627,0,"PLNWR Area 3","PLNWR Area 3","PLNWR Area 31",NA
16,26.497977054407,1.246,1,16.066520690918,42482.725329729,0,0.683854103088379,8.81602112424759,-0.069631814956665,15.1157970428467,4502.5,6.14285440117627,0,"PLNWR Area 3","PLNWR Area 3","PLNWR Area 31",NA
17,26.497977054407,1.2265,1,16.19162940979,41391.9387121212,0,-0.223337307572365,7.14371582472322,0.0201212167739868,6.11285877227783,4502.5,6.14285440117627,0,"PLNWR Area 3","PLNWR Area 3","PLNWR Area 31",NA
18,26.497977054407,1.27375,1,16.0156764984131,39375.734014055,0,0.730235040187836,12.0923022382902,-0.0800914391875267,21.7897434234619,4502.5,6.14285440117627,0,"PLNWR Area 3","PLNWR Area 3","PLNWR Area 31",NA
19,26.497977054407,1.48375,1,16.2542629241943,5978.43457107055,0,0.439519792795181,10.0155817103937,0.126809313893318,9.31815910339355,4502.5,6.14285440117627,0,"PLNWR Area 3","PLNWR Area 3","PLNWR Area 31",NA
20,26.497977054407,1.27375,1,16.0599422454834,39375.734014055,0,0.747099995613098,9.74626928244494,-0.0794618129730225,18.4859561920166,4502.5,6.14285440117627,0,"PLNWR Area 3","PLNWR Area 3","PLNWR Area 31",NA
21,26.497977054407,1.27375,1,15.9028158187866,39375.734014055,0,0.952491223812103,13.4627333295686,-0.0913215056061745,24.5921688079834,4502.5,6.14285440117627,0,"PLNWR Area 3","PLNWR Area 3","PLNWR Area 31",NA
22,26.497977054407,1.41631578947368,1,16.2520351409912,7840.1870352108,0,1.32729077339172,8.61243175581736,-0.0356576181948185,10.5126838684082,4502.5,6.14285440117627,0,"PLNWR Area 3","PLNWR Area 3","PLNWR Area 31",NA
23,26.497977054407,1.458,1,16.1892166137695,5264.51918804282,0,0.487575680017471,9.30302484698136,0.0738080441951752,7.03941106796265,4502.5,6.14285440117627,0,"PLNWR Area 3","PLNWR Area 3","PLNWR Area 31",NA
24,26.497977054407,1.27375,1,16.0198345184326,39375.734014055,0,0.870599508285522,12.7362237576158,-0.084319643676281,23.4294853210449,4502.5,6.14285440117627,0,"PLNWR Area 3","PLNWR Area 3","PLNWR Area 31",NA
25,26.497977054407,1.51416666666667,0,16.2508163452148,5295.82093792003,0,0.700651943683624,8.67999686899918,0.149441838264465,12.2906045913696,4502.5,6.14285440117627,0,"PLNWR Area 3","PLNWR Area 3","PLNWR Area 31",NA
26,26.497977054407,1.29894736842105,1,16.113697052002,46336.4635465119,0,0.914887130260468,10.2479661869136,-0.0199640840291977,11.5353498458862,4502.5,6.14285440117627,0,"PLNWR Area 3","PLNWR Area 3","PLNWR Area 31",NA
27,26.497977054407,1.28294117647059,1,15.9700260162354,44063.7546029719,0,1.00120425224304,12.1601941555451,-0.0484094507992268,6.12485265731812,4502.5,6.14285440117627,0,"PLNWR Area 3","PLNWR Area 3","PLNWR Area 31",NA
28,26.497977054407,1.27375,1,16.0966835021973,39375.734014055,0,0.477617651224136,8.29414193076157,-0.0890725255012512,10.8460884094238,4502.5,6.14285440117627,0,"PLNWR Area 3","PLNWR Area 3","PLNWR Area 31",NA
29,26.497977054407,1.27375,1,15.9284353256226,39375.734014055,0,0.686192870140076,11.0205234552682,-0.0877296403050423,18.1459083557129,4502.5,6.14285440117627,0,"PLNWR Area 3","PLNWR Area 3","PLNWR Area 31",NA
30,26.497977054407,1.28294117647059,1,16.1997623443604,44063.7546029719,0,1.1169046163559,12.6241511229595,0.0183593574911356,6.68308115005493,4502.5,6.14285440117627,0,"PLNWR Area 3","PLNWR Area 3","PLNWR Area 31",NA
31,26.497977054407,1.32103448275862,1,15.9055414199829,41567.5010093876,0,1.16265428066254,10.5034404948419,-0.0493003129959106,8.37350749969482,4502.5,6.14285440117627,0,"PLNWR Area 3","PLNWR Area 3","PLNWR Area 31",NA
32,26.497977054407,1.27375,1,16.1187934875488,39375.734014055,0,0.808542430400848,9.89097662916662,-0.0824727937579155,17.6410083770752,4502.5,6.14285440117627,0,"PLNWR Area 3","PLNWR Area 3","PLNWR Area 31",NA
33,26.497977054407,1.24333333333333,1,16.2944564819336,7074.51085587076,0,-0.129401117563248,7.10192923690611,0.071961522102356,3.96786880493164,4502.5,6.14285440117627,0,"PLNWR Area 3","PLNWR Area 3","PLNWR Area 31",NA
34,26.497977054407,1.24214285714286,1,15.912899017334,41071.9443584691,0,0.992758095264435,10.5924612548374,-0.0792019739747047,19.2344226837158,4502.5,6.14285440117627,0,"PLNWR Area 3","PLNWR Area 3","PLNWR Area 31",NA
35,26.497977054407,1.27375,1,16.0387725830078,39375.734014055,0,0.677662789821625,10.4587093805681,-0.096905991435051,19.5717678070068,4502.5,6.14285440117627,0,"PLNWR Area 3","PLNWR Area 3","PLNWR Area 31",NA
36,26.497977054407,1.25391304347826,1,16.2437934875488,46450.2448699257,0,-0.0714075937867165,7.76103238078068,0.117421984672546,2.7570309638977,4502.5,6.14285440117627,0,"PLNWR Area 3","PLNWR Area 3","PLNWR Area 31",NA
37,26.497977054407,1.25391304347826,1,16.2959957122803,46450.2448699257,0,-0.280022263526917,6.85286478671711,0.153998702764511,5.82544660568237,4502.5,6.14285440117627,0,"PLNWR Area 3","PLNWR Area 3","PLNWR Area 31",NA
38,26.497977054407,1.26565217391304,1,15.7193641662598,39586.4746058632,0,1.05818235874176,11.6107774383909,-0.0707009509205818,12.8063430786133,4502.5,6.14285440117627,0,"PLNWR Area 3","PLNWR Area 3","PLNWR Area 31",NA
39,26.497977054407,1.246,1,16.0715198516846,42482.725329729,0,0.861588597297668,9.35431053721631,-0.094025269150734,24.6153869628906,4502.5,6.14285440117627,0,"PLNWR Area 3","PLNWR Area 3","PLNWR Area 31",NA
40,26.497977054407,1.27375,1,16.1000003814697,39375.734014055,0,0.869325876235962,11.9806416580744,-0.0843104422092438,22.5930004119873,4502.5,6.14285440117627,0,"PLNWR Area 3","PLNWR Area 3","PLNWR Area 31",NA
41,26.497977054407,1.27375,1,16.0360069274902,39375.734014055,0,0.744579374790192,10.1879877583701,-0.0793455615639687,27.6384449005127,4502.5,6.14285440117627,0,"PLNWR Area 3","PLNWR Area 3","PLNWR Area 31",NA
42,26.497977054407,1.4030612244898,1,16.2961845397949,42071.3508409114,0,1.87908446788788,9.81289232134962,0.0246446561068296,7.47215414047241,4502.5,6.14285440117627,0,"PLNWR Area 3","PLNWR Area 3","PLNWR Area 31",NA
43,26.497977054407,1.27375,1,16.0471782684326,39375.734014055,0,0.704031646251678,9.41384063938144,-0.0897288918495178,21.7056941986084,4502.5,6.14285440117627,0,"PLNWR Area 3","PLNWR Area 3","PLNWR Area 31",NA
44,26.497977054407,1.24214285714286,1,15.9286222457886,41071.9443584691,0,1.06222259998322,10.4696764396768,-0.0321731045842171,14.2445211410522,4502.5,6.14285440117627,0,"PLNWR Area 3","PLNWR Area 3","PLNWR Area 31",NA
45,26.497977054407,1.46375,1,16.2910060882568,5468.59790490801,0,0.478031873703003,9.47010428751663,0.124655447900295,13.8920745849609,4502.5,6.14285440117627,0,"PLNWR Area 3","PLNWR Area 3","PLNWR Area 31",NA
46,26.497977054407,1.2725,1,16.1303539276123,1902.42337465239,0,0.690074563026428,9.98069151657923,-0.0222490150481462,7.72077751159668,4502.5,6.14285440117627,0,"PLNWR Area 3","PLNWR Area 3","PLNWR Area 31",NA
47,26.497977054407,1.27375,1,15.9811010360718,39375.734014055,0,0.775885283946991,10.141031857412,-0.0811159238219261,21.3796806335449,4502.5,6.14285440117627,0,"PLNWR Area 3","PLNWR Area 3","PLNWR Area 31",NA
48,26.497977054407,1.27375,1,16.1000003814697,39375.734014055,0,0.707829713821411,9.08757026703744,-0.0727651789784431,17.8626251220703,4502.5,6.14285440117627,0,"PLNWR Area 3","PLNWR Area 3","PLNWR Area 31",NA
49,26.497977054407,1.27375,1,15.9602670669556,39375.734014055,0,0.654561996459961,11.0504372814329,-0.0932232961058617,21.1458778381348,4502.5,6.14285440117627,0,"PLNWR Area 3","PLNWR Area 3","PLNWR Area 31",NA
50,26.497977054407,1.27375,1,16.1279373168945,39375.734014055,0,0.699944794178009,10.6620609619169,-0.090514063835144,20.5333061218262,4502.5,6.14285440117627,0,"PLNWR Area 3","PLNWR Area 3","PLNWR Area 31",NA
51,26.497977054407,1.246,1,15.9919023513794,42482.725329729,0,0.739260315895081,9.92323329983213,-0.0992416664958,24.8434371948242,4502.5,6.14285440117627,0,"PLNWR Area 3","PLNWR Area 3","PLNWR Area 31",NA
52,26.497977054407,1.50818181818182,1,16.3698215484619,9648.41604576508,0,1.65018260478973,7.98434442090657,0.0109802708029747,7.1439905166626,4502.5,6.14285440117627,0,"PLNWR Area 3","PLNWR Area 3","PLNWR Area 31",NA
53,26.497977054407,1.24655172413793,1,15.8060541152954,44223.6856174807,0,1.09760963916779,12.3303504727104,-0.0727893263101578,9.5096845626831,4502.5,6.14285440117627,0,"PLNWR Area 3","PLNWR Area 3","PLNWR Area 31",NA
54,26.497977054407,1.34863636363636,1,16.0334434509277,42150.5939721512,0,1.11334240436554,9.51908581317313,-0.0548201762139797,14.7304754257202,4502.5,6.14285440117627,0,"PLNWR Area 3","PLNWR Area 3","PLNWR Area 31",NA
55,26.497977054407,1.28944444444444,1,16.2584171295166,7090.06688871739,0,0.61546802520752,8.32097562084696,0.131221443414688,3.79098963737488,4502.5,6.14285440117627,0,"PLNWR Area 3","PLNWR Area 3","PLNWR Area 31",NA
56,26.497977054407,1.27941176470588,1,15.9771766662598,43308.4943770436,0,1.24180781841278,14.7553869037122,-0.0714323595166206,13.7229070663452,4502.5,6.14285440117627,0,"PLNWR Area 3","PLNWR Area 3","PLNWR Area 31",NA
57,26.497977054407,1.53090909090909,1,16.4124031066895,903.652519255013,0,2.40913105010986,9.16543527915185,0.0409892499446869,9.3930721282959,4502.5,6.14285440117627,0,"PLNWR Area 3","PLNWR Area 3","PLNWR Area 31",NA
58,26.497977054407,1.27375,1,15.9060440063477,39375.734014055,0,0.644349873065948,11.9191772231508,-0.0891399458050728,19.8477001190186,4502.5,6.14285440117627,0,"PLNWR Area 3","PLNWR Area 3","PLNWR Area 31",NA
59,26.497977054407,1.27375,1,15.8280172348022,39375.734014055,0,1.23232662677765,11.0474035611389,-0.0868390873074532,22.4638328552246,4502.5,6.14285440117627,0,"PLNWR Area 3","PLNWR Area 3","PLNWR Area 31",NA
60,26.497977054407,1.27941176470588,1,15.8792533874512,43308.4943770436,0,0.771364212036133,13.5932802501552,-0.0839748755097389,8.47063064575195,4502.5,6.14285440117627,0,"PLNWR Area 3","PLNWR Area 3","PLNWR Area 31",NA
61,26.497977054407,1.2265,1,16.1764488220215,41391.9387121212,0,0.202218368649483,8.57830370256357,-0.0233760308474302,7.75624132156372,4502.5,6.14285440117627,0,"PLNWR Area 3","PLNWR Area 3","PLNWR Area 31",NA
62,26.497977054407,1.31727272727273,1,16.2333831787109,6960.72953245692,0,0.360487043857574,8.9493070531359,0.0715067312121391,7.17773771286011,4502.5,6.14285440117627,0,"PLNWR Area 3","PLNWR Area 3","PLNWR Area 31",NA
63,26.497977054407,1.32909090909091,1,16.2239875793457,46352.0195793585,0,0.370425939559937,9.13728553897626,0.0141028976067901,7.31194877624512,4502.5,6.14285440117627,0,"PLNWR Area 3","PLNWR Area 3","PLNWR Area 31",NA
64,26.497977054407,1.28294117647059,1,15.8478240966797,44063.7546029719,0,0.701888024806976,12.0179609835073,-0.0935239270329475,17.9344577789307,4502.5,6.14285440117627,0,"PLNWR Area 3","PLNWR Area 3","PLNWR Area 31",NA
65,26.497977054407,1.27375,1,15.9127779006958,39375.734014055,0,1.1606764793396,11.3153592125655,-0.0830717086791992,20.8194637298584,4502.5,6.14285440117627,0,"PLNWR Area 3","PLNWR Area 3","PLNWR Area 31",NA
66,26.497977054407,1.28294117647059,1,15.8020782470703,44063.7546029719,0,1.01620173454285,12.5563429476097,-0.0869667232036591,17.5395469665527,4502.5,6.14285440117627,0,"PLNWR Area 3","PLNWR Area 3","PLNWR Area 31",NA
67,26.497977054407,1.246,1,16.0837154388428,42482.725329729,0,0.524604022502899,8.19479735759907,-0.0579708255827427,9.90173816680908,4502.5,6.14285440117627,0,"PLNWR Area 3","PLNWR Area 3","PLNWR Area 31",NA
68,26.497977054407,1.378,1,16.1379928588867,7272.55863218411,0,0.891640603542328,8.92864561872637,0.00693811010569334,10.7251825332642,4502.5,6.14285440117627,0,"PLNWR Area 3","PLNWR Area 3","PLNWR Area 31",NA
69,26.497977054407,1.5065,0,16.3750400543213,9387.26386990251,0,1.09796226024628,7.80675740481345,0.0793140009045601,7.02109718322754,4502.5,6.14285440117627,0,"PLNWR Area 3","PLNWR Area 3","PLNWR Area 31",NA
70,26.497977054407,1.27375,1,15.9353933334351,39375.734014055,0,1.06968772411346,14.3214875085236,-0.109663665294647,23.0714473724365,4502.5,6.14285440117627,0,"PLNWR Area 3","PLNWR Area 3","PLNWR Area 31",NA
71,26.497977054407,1.27375,1,16.0521183013916,39375.734014055,0,0.707492351531982,9.11372950966703,-0.0791768208146095,25.2831001281738,4502.5,6.14285440117627,0,"PLNWR Area 3","PLNWR Area 3","PLNWR Area 31",NA
72,26.497977054407,1.27941176470588,1,16.050313949585,43308.4943770436,0,1.26382780075073,13.4809994729965,-0.10825864225626,15.9558429718018,4502.5,6.14285440117627,0,"PLNWR Area 3","PLNWR Area 3","PLNWR Area 31",NA
73,26.497977054407,1.24214285714286,1,15.9668273925781,41071.9443584691,0,0.989996373653412,10.5004042184041,-0.0823678076267242,14.7369861602783,4502.5,6.14285440117627,0,"PLNWR Area 3","PLNWR Area 3","PLNWR Area 31",NA
74,26.497977054407,1.27375,1,15.8741493225098,39375.734014055,0,1.19305896759033,12.0175930855973,-0.0783155933022499,20.8179779052734,4502.5,6.14285440117627,0,"PLNWR Area 3","PLNWR Area 3","PLNWR Area 31",NA
75,26.497977054407,1.27375,1,15.9055004119873,39375.734014055,0,0.933110654354095,11.2060601489856,-0.0701587572693825,17.283224105835,4502.5,6.14285440117627,0,"PLNWR Area 3","PLNWR Area 3","PLNWR Area 31",NA
76,26.497977054407,1.51833333333333,1,16.2905883789062,5813.86306788551,0,0.98038899898529,8.15588082009179,0.124000430107117,9.44382667541504,4502.5,6.14285440117627,0,"PLNWR Area 3","PLNWR Area 3","PLNWR Area 31",NA
77,26.497977054407,1.27375,1,16.0822715759277,39375.734014055,0,0.520724594593048,7.96231988596133,-0.0727358311414719,10.2331056594849,4502.5,6.14285440117627,0,"PLNWR Area 3","PLNWR Area 3","PLNWR Area 31",NA
78,26.497977054407,1.27941176470588,1,16.317699432373,43308.4943770436,0,1.06478822231293,14.0091400934596,0.0542919673025608,7.84136056900024,4502.5,6.14285440117627,0,"PLNWR Area 3","PLNWR Area 3","PLNWR Area 31",NA
