"acresid","wtd","bulkdensity","mucktype","soiltemp","numacres","tx","elevation","distkm","totalGDD","scPDSI","vegetation","location","site","uniqueid","soilresp"
1,0,1.73,1,17.1716556549072,5012.02553601307,1,5.13671684265137,10.5514432522022,4674.14999999999,3.72444446859213,0,"Light Ground Pamlico","Light Ground Pamlico","Light Ground Pamlico1",NA
2,0,1.73,1,17.1000003814697,5012.02553601307,1,5.31878662109375,9.01443441728299,4674.14999999999,3.72444446859213,0,"Light Ground Pamlico","Light Ground Pamlico","Light Ground Pamlico1",NA
4,0,1.73,1,17.184268951416,5012.02553601307,1,5.18151330947876,9.82465556380868,4674.14999999999,3.72444446859213,0,"Light Ground Pamlico","Light Ground Pamlico","Light Ground Pamlico1",NA
5,0,1.73,1,17.1974601745605,5012.02553601307,1,4.96017122268677,11.0177557960324,4674.14999999999,3.72444446859213,0,"Light Ground Pamlico","Light Ground Pamlico","Light Ground Pamlico1",NA
6,0,1.73,1,17.1942348480225,5012.02553601307,1,5.27945852279663,8.75772989430479,4674.14999999999,3.72444446859213,0,"Light Ground Pamlico","Light Ground Pamlico","Light Ground Pamlico1",NA
7,0,1.73,1,17.1000003814697,5012.02553601307,1,5.34238958358765,9.49310617477414,4674.14999999999,3.72444446859213,0,"Light Ground Pamlico","Light Ground Pamlico","Light Ground Pamlico1",NA
8,0,1.73,1,17.3113555908203,5012.02553601307,1,4.47999143600464,11.6850446906599,4674.14999999999,3.72444446859213,0,"Light Ground Pamlico","Light Ground Pamlico","Light Ground Pamlico1",NA
9,0,1.55818181818182,1,17.2000007629395,8774.69167752031,1,4.91744947433472,9.71151332306606,4674.14999999999,3.72444446859213,0,"Light Ground Pamlico","Light Ground Pamlico","Light Ground Pamlico1",NA
10,0,1.73,1,17.2000007629395,5012.02553601307,1,5.16411304473877,8.43318274232531,4674.14999999999,3.72444446859213,0,"Light Ground Pamlico","Light Ground Pamlico","Light Ground Pamlico1",NA
11,0,1.73,1,17.1935329437256,5012.02553601307,1,5.26841354370117,9.89912567962811,4674.14999999999,3.72444446859213,0,"Light Ground Pamlico","Light Ground Pamlico","Light Ground Pamlico1",NA
12,0,1.55818181818182,1,17.2999992370605,8774.69167752031,1,5.3574595451355,8.71483552190072,4674.14999999999,3.72444446859213,0,"Light Ground Pamlico","Light Ground Pamlico","Light Ground Pamlico1",NA
13,0,1.73,1,17.1023502349854,5012.02553601307,1,4.58313846588135,11.6484107689438,4674.14999999999,3.72444446859213,0,"Light Ground Pamlico","Light Ground Pamlico","Light Ground Pamlico1",NA
14,0,1.55818181818182,1,17.1629600524902,8774.69167752031,1,4.86701679229736,10.0501130182155,4674.14999999999,3.72444446859213,0,"Light Ground Pamlico","Light Ground Pamlico","Light Ground Pamlico1",NA
15,0,1.55818181818182,1,17.1000003814697,8774.69167752031,1,4.78979921340942,10.6218873389946,4674.14999999999,3.72444446859213,0,"Light Ground Pamlico","Light Ground Pamlico","Light Ground Pamlico1",NA
16,0,1.55818181818182,1,17.1573143005371,8774.69167752031,1,5.17330837249756,9.19102036417243,4674.14999999999,3.72444446859213,0,"Light Ground Pamlico","Light Ground Pamlico","Light Ground Pamlico1",NA
17,0,1.55818181818182,1,17.1079139709473,8774.69167752031,1,5.17532825469971,9.48205307225944,4674.14999999999,3.72444446859213,0,"Light Ground Pamlico","Light Ground Pamlico","Light Ground Pamlico1",NA
18,0,1.73,1,17.1497669219971,5012.02553601307,1,4.97368431091309,9.28377565176255,4674.14999999999,3.72444446859213,0,"Light Ground Pamlico","Light Ground Pamlico","Light Ground Pamlico1",NA
19,0,1.73,1,17.2000007629395,5012.02553601307,1,5.14330577850342,10.657326865899,4674.14999999999,3.72444446859213,0,"Light Ground Pamlico","Light Ground Pamlico","Light Ground Pamlico1",NA
20,0,1.73,1,17.2000007629395,5012.02553601307,1,4.9922571182251,11.1186218387942,4674.14999999999,3.72444446859213,0,"Light Ground Pamlico","Light Ground Pamlico","Light Ground Pamlico1",NA
21,0,1.541,1,17.3138847351074,3762.66614150724,1,5.46053647994995,8.21710956319952,4674.14999999999,3.72444446859213,0,"Light Ground Pamlico","Light Ground Pamlico","Light Ground Pamlico1",NA
22,0,1.541,1,17.1634654998779,3762.66614150724,1,4.94608068466187,9.81998858077858,4674.14999999999,3.72444446859213,0,"Light Ground Pamlico","Light Ground Pamlico","Light Ground Pamlico1",NA
23,0,1.73,1,17.1631011962891,5012.02553601307,1,4.6974630355835,10.9715351352711,4674.14999999999,3.72444446859213,0,"Light Ground Pamlico","Light Ground Pamlico","Light Ground Pamlico1",NA
24,0,1.73,1,17.2028617858887,5012.02553601307,1,4.79998397827148,11.1989351766198,4674.14999999999,3.72444446859213,0,"Light Ground Pamlico","Light Ground Pamlico","Light Ground Pamlico1",NA
25,0,1.73,1,17.1524810791016,5012.02553601307,1,4.67765331268311,11.6625075495493,4674.14999999999,3.72444446859213,0,"Light Ground Pamlico","Light Ground Pamlico","Light Ground Pamlico1",NA
26,0,1.73,1,17.1000003814697,5012.02553601307,1,4.81922149658203,11.0720491913997,4674.14999999999,3.72444446859213,0,"Light Ground Pamlico","Light Ground Pamlico","Light Ground Pamlico1",NA
27,0,1.73,1,17.1986064910889,5012.02553601307,1,5.0303373336792,9.21427745840636,4674.14999999999,3.72444446859213,0,"Light Ground Pamlico","Light Ground Pamlico","Light Ground Pamlico1",NA
28,0,1.73,1,17.2000007629395,5012.02553601307,1,5.02133750915527,9.86143896242618,4674.14999999999,3.72444446859213,0,"Light Ground Pamlico","Light Ground Pamlico","Light Ground Pamlico1",NA
29,0,1.541,1,17.3189315795898,3762.66614150724,1,4.88396739959717,9.75052299347681,4674.14999999999,3.72444446859213,0,"Light Ground Pamlico","Light Ground Pamlico","Light Ground Pamlico1",NA
30,0,1.55818181818182,1,17.2000007629395,8774.69167752031,1,5.47424507141113,8.30480959183596,4674.14999999999,3.72444446859213,0,"Light Ground Pamlico","Light Ground Pamlico","Light Ground Pamlico1",NA
31,0,1.73,1,17.1000003814697,5012.02553601307,1,4.85356283187866,11.2794748469268,4674.14999999999,3.72444446859213,0,"Light Ground Pamlico","Light Ground Pamlico","Light Ground Pamlico1",NA
32,0,1.73,1,17.1000003814697,5012.02553601307,1,5.00597143173218,11.0434583935308,4674.14999999999,3.72444446859213,0,"Light Ground Pamlico","Light Ground Pamlico","Light Ground Pamlico1",NA
33,0,1.73,1,17.1044330596924,5012.02553601307,1,5.13372564315796,9.21039876970441,4674.14999999999,3.72444446859213,0,"Light Ground Pamlico","Light Ground Pamlico","Light Ground Pamlico1",NA
34,0,1.55818181818182,1,17.1002101898193,8774.69167752031,1,4.47247648239136,11.8720554165688,4674.14999999999,3.72444446859213,0,"Light Ground Pamlico","Light Ground Pamlico","Light Ground Pamlico1",NA
35,0,1.55142857142857,1,17.2453517913818,8891.99539418463,1,5.35839605331421,7.84321763731361,4674.14999999999,3.72444446859213,0,"Light Ground Pamlico","Light Ground Pamlico","Light Ground Pamlico1",NA
36,0,1.73,1,17.2000007629395,5012.02553601307,1,5.05449533462524,10.6256584856776,4674.14999999999,3.72444446859213,0,"Light Ground Pamlico","Light Ground Pamlico","Light Ground Pamlico1",NA
37,0,1.73,1,17.1221752166748,5012.02553601307,1,5.18623733520508,9.59615181275058,4674.14999999999,3.72444446859213,0,"Light Ground Pamlico","Light Ground Pamlico","Light Ground Pamlico1",NA
38,0,1.53769230769231,1,17.2777671813965,3879.96985817156,1,5.06086301803589,7.37056732143248,4674.14999999999,3.72444446859213,0,"Light Ground Pamlico","Light Ground Pamlico","Light Ground Pamlico1",NA
39,0,1.73,1,17.2000007629395,5012.02553601307,1,5.20677900314331,10.1554998766151,4674.14999999999,3.72444446859213,0,"Light Ground Pamlico","Light Ground Pamlico","Light Ground Pamlico1",NA
40,0,1.55818181818182,1,17.2000007629395,8774.69167752031,1,5.21545457839966,7.95282566751909,4674.14999999999,3.72444446859213,0,"Light Ground Pamlico","Light Ground Pamlico","Light Ground Pamlico1",NA
41,0,1.73,1,17.2000007629395,5012.02553601307,1,5.35854959487915,10.2683521486423,4674.14999999999,3.72444446859213,0,"Light Ground Pamlico","Light Ground Pamlico","Light Ground Pamlico1",NA
42,0,1.73,1,17.2530078887939,5012.02553601307,1,4.8183650970459,10.6214980811607,4674.14999999999,3.72444446859213,0,"Light Ground Pamlico","Light Ground Pamlico","Light Ground Pamlico1",NA
43,0,1.73,1,17.2000007629395,5012.02553601307,1,5.09799718856812,10.6757205821165,4674.14999999999,3.72444446859213,0,"Light Ground Pamlico","Light Ground Pamlico","Light Ground Pamlico1",NA
44,0,1.55818181818182,1,17.2772750854492,8774.69167752031,1,4.19198513031006,12.3386714506695,4674.14999999999,3.72444446859213,0,"Light Ground Pamlico","Light Ground Pamlico","Light Ground Pamlico1",NA
46,0,1.55818181818182,1,17.2000007629395,8774.69167752031,1,5.14084053039551,7.6541448836495,4674.14999999999,3.72444446859213,0,"Light Ground Pamlico","Light Ground Pamlico","Light Ground Pamlico1",NA
47,0,1.55818181818182,1,17.2774333953857,8774.69167752031,1,5.44958639144897,8.4737178293043,4674.14999999999,3.72444446859213,0,"Light Ground Pamlico","Light Ground Pamlico","Light Ground Pamlico1",NA
48,0,1.73,1,17.1260776519775,5012.02553601307,1,5.03916263580322,9.61708925822583,4674.14999999999,3.72444446859213,0,"Light Ground Pamlico","Light Ground Pamlico","Light Ground Pamlico1",NA
49,0,1.73,1,17.143159866333,5012.02553601307,1,5.06901407241821,10.820994746501,4674.14999999999,3.72444446859213,0,"Light Ground Pamlico","Light Ground Pamlico","Light Ground Pamlico1",NA
50,0,1.73,1,17.1957912445068,5012.02553601307,1,4.38028955459595,11.7738937396632,4674.14999999999,3.72444446859213,0,"Light Ground Pamlico","Light Ground Pamlico","Light Ground Pamlico1",NA
51,0,1.73,1,17.0999984741211,5012.02553601307,1,4.59129095077515,11.5078872409854,4674.14999999999,3.72444446859213,0,"Light Ground Pamlico","Light Ground Pamlico","Light Ground Pamlico1",NA
52,0,1.73,1,17.2000007629395,5012.02553601307,1,5.0268087387085,10.1186838314625,4674.14999999999,3.72444446859213,0,"Light Ground Pamlico","Light Ground Pamlico","Light Ground Pamlico1",NA
53,0,1.541,1,17.3028774261475,3762.66614150724,1,5.39450883865356,7.98658532773026,4674.14999999999,3.72444446859213,0,"Light Ground Pamlico","Light Ground Pamlico","Light Ground Pamlico1",NA
54,0,1.73,1,17.4379253387451,5012.02553601307,1,4.71043252944946,11.3236050883619,4674.14999999999,3.72444446859213,0,"Light Ground Pamlico","Light Ground Pamlico","Light Ground Pamlico1",NA
55,0,1.53769230769231,1,17.2999992370605,3879.96985817156,1,5.55421590805054,7.69301259039236,4674.14999999999,3.72444446859213,0,"Light Ground Pamlico","Light Ground Pamlico","Light Ground Pamlico1",NA
56,0,1.73,1,17.1549034118652,5012.02553601307,1,5.26182842254639,9.67865606855866,4674.14999999999,3.72444446859213,0,"Light Ground Pamlico","Light Ground Pamlico","Light Ground Pamlico1",NA
57,0,1.55818181818182,1,17.2049083709717,8774.69167752031,1,4.8506908416748,9.51272141698162,4674.14999999999,3.72444446859213,0,"Light Ground Pamlico","Light Ground Pamlico","Light Ground Pamlico1",NA
58,0,1.541,1,17.2992744445801,3762.66614150724,1,5.27529764175415,9.140295883721,4674.14999999999,3.72444446859213,0,"Light Ground Pamlico","Light Ground Pamlico","Light Ground Pamlico1",NA
59,0,1.53769230769231,1,17.2999992370605,3879.96985817156,1,5.2052698135376,7.36096445571153,4674.14999999999,3.72444446859213,0,"Light Ground Pamlico","Light Ground Pamlico","Light Ground Pamlico1",NA
60,0,1.73,1,17.119255065918,5012.02553601307,1,5.43438768386841,9.42218519082258,4674.14999999999,3.72444446859213,0,"Light Ground Pamlico","Light Ground Pamlico","Light Ground Pamlico1",NA
61,0,1.73,1,17.2000026702881,5012.02553601307,1,5.4104380607605,10.5466002650599,4674.14999999999,3.72444446859213,0,"Light Ground Pamlico","Light Ground Pamlico","Light Ground Pamlico1",NA
62,0,1.73,1,17.2000007629395,5012.02553601307,1,5.47523880004883,9.8808822541725,4674.14999999999,3.72444446859213,0,"Light Ground Pamlico","Light Ground Pamlico","Light Ground Pamlico1",NA
63,0,1.73,1,17.1753711700439,5012.02553601307,1,4.52982568740845,11.9708222409851,4674.14999999999,3.72444446859213,0,"Light Ground Pamlico","Light Ground Pamlico","Light Ground Pamlico1",NA
64,0,1.55818181818182,1,17.2966156005859,8774.69167752031,1,5.5094518661499,8.10739461221272,4674.14999999999,3.72444446859213,0,"Light Ground Pamlico","Light Ground Pamlico","Light Ground Pamlico1",NA
65,0,1.55818181818182,1,17.1000003814697,8774.69167752031,1,4.92220497131348,10.2580971690749,4674.14999999999,3.72444446859213,0,"Light Ground Pamlico","Light Ground Pamlico","Light Ground Pamlico1",NA
66,0,1.73,1,17.1187782287598,5012.02553601307,1,5.06359338760376,9.01124580447982,4674.14999999999,3.72444446859213,0,"Light Ground Pamlico","Light Ground Pamlico","Light Ground Pamlico1",NA
67,0,1.73,1,17.2000007629395,5012.02553601307,1,5.08992528915405,10.2026433268379,4674.14999999999,3.72444446859213,0,"Light Ground Pamlico","Light Ground Pamlico","Light Ground Pamlico1",NA
68,0,1.73,1,17.1088886260986,5012.02553601307,1,4.99106693267822,10.412452122296,4674.14999999999,3.72444446859213,0,"Light Ground Pamlico","Light Ground Pamlico","Light Ground Pamlico1",NA
69,0,1.73,1,17.113260269165,5012.02553601307,1,4.75976419448853,11.4992272316363,4674.14999999999,3.72444446859213,0,"Light Ground Pamlico","Light Ground Pamlico","Light Ground Pamlico1",NA
70,0,1.73,1,17.2000007629395,5012.02553601307,1,5.27360582351685,10.3118525019404,4674.14999999999,3.72444446859213,0,"Light Ground Pamlico","Light Ground Pamlico","Light Ground Pamlico1",NA
71,0,1.73,1,17.2999992370605,5012.02553601307,1,4.70867300033569,11.076495125957,4674.14999999999,3.72444446859213,0,"Light Ground Pamlico","Light Ground Pamlico","Light Ground Pamlico1",NA
72,0,1.73,1,17.1535682678223,5012.02553601307,1,4.54293823242188,11.4176241723584,4674.14999999999,3.72444446859213,0,"Light Ground Pamlico","Light Ground Pamlico","Light Ground Pamlico1",NA
73,0,1.73,1,17.2000007629395,5012.02553601307,1,5.27002239227295,9.42340447477421,4674.14999999999,3.72444446859213,0,"Light Ground Pamlico","Light Ground Pamlico","Light Ground Pamlico1",NA
74,0,1.73,1,17.2056903839111,5012.02553601307,1,4.92648410797119,10.6340462657646,4674.14999999999,3.72444446859213,0,"Light Ground Pamlico","Light Ground Pamlico","Light Ground Pamlico1",NA
75,0,1.73,1,17.1000003814697,5012.02553601307,1,5.32452964782715,9.94680494096278,4674.14999999999,3.72444446859213,0,"Light Ground Pamlico","Light Ground Pamlico","Light Ground Pamlico1",NA
76,0,1.55818181818182,1,17.1470947265625,8774.69167752031,1,5.26508665084839,8.91828453122806,4674.14999999999,3.72444446859213,0,"Light Ground Pamlico","Light Ground Pamlico","Light Ground Pamlico1",NA
77,0,1.73,1,17.1826763153076,5012.02553601307,1,4.97250175476074,11.0613539376712,4674.14999999999,3.72444446859213,0,"Light Ground Pamlico","Light Ground Pamlico","Light Ground Pamlico1",NA
78,0,1.73,1,17.1999988555908,5012.02553601307,1,5.30466318130493,10.4855225216818,4674.14999999999,3.72444446859213,0,"Light Ground Pamlico","Light Ground Pamlico","Light Ground Pamlico1",NA
79,0,1.73,1,17.1000003814697,5012.02553601307,1,5.07298755645752,10.7058233240563,4674.14999999999,3.72444446859213,0,"Light Ground Pamlico","Light Ground Pamlico","Light Ground Pamlico1",NA
80,0,1.73,1,17.2000007629395,5012.02553601307,1,4.4271035194397,11.9550749466977,4674.14999999999,3.72444446859213,0,"Light Ground Pamlico","Light Ground Pamlico","Light Ground Pamlico1",NA
81,0,1.73,1,17.1494636535645,5012.02553601307,1,5.49512910842896,9.85215821343507,4674.14999999999,3.72444446859213,0,"Light Ground Pamlico","Light Ground Pamlico","Light Ground Pamlico1",NA
82,0,1.55818181818182,1,17.3685474395752,8774.69167752031,1,4.27252531051636,12.2072614217048,4674.14999999999,3.72444446859213,0,"Light Ground Pamlico","Light Ground Pamlico","Light Ground Pamlico1",NA
83,0,1.73,1,17.1121959686279,5012.02553601307,1,4.32087278366089,11.9709328399714,4674.14999999999,3.72444446859213,0,"Light Ground Pamlico","Light Ground Pamlico","Light Ground Pamlico1",NA
85,0,1.73,1,17.2000007629395,5012.02553601307,1,5.06473588943481,8.11139971043217,4674.14999999999,3.72444446859213,0,"Light Ground Pamlico","Light Ground Pamlico","Light Ground Pamlico1",NA
86,0,1.73,1,17.1980056762695,5012.02553601307,1,5.16569995880127,10.0494297276171,4674.14999999999,3.72444446859213,0,"Light Ground Pamlico","Light Ground Pamlico","Light Ground Pamlico1",NA
87,0,1.73,1,17.1592636108398,5012.02553601307,1,4.8459587097168,11.3634890357552,4674.14999999999,3.72444446859213,0,"Light Ground Pamlico","Light Ground Pamlico","Light Ground Pamlico1",NA
88,0,1.73,1,17.1990985870361,5012.02553601307,1,5.33577156066895,9.89942598879042,4674.14999999999,3.72444446859213,0,"Light Ground Pamlico","Light Ground Pamlico","Light Ground Pamlico1",NA
89,0,1.73,1,17.19944190979,5012.02553601307,1,5.07928562164307,8.97536861189211,4674.14999999999,3.72444446859213,0,"Light Ground Pamlico","Light Ground Pamlico","Light Ground Pamlico1",NA
90,0,1.73,1,17.2000007629395,5012.02553601307,1,5.39022159576416,10.3177062741886,4674.14999999999,3.72444446859213,0,"Light Ground Pamlico","Light Ground Pamlico","Light Ground Pamlico1",NA
91,0,1.73,1,17.182653427124,5012.02553601307,1,5.17193746566772,10.9033222264486,4674.14999999999,3.72444446859213,0,"Light Ground Pamlico","Light Ground Pamlico","Light Ground Pamlico1",NA
92,0,1.73,1,17.2000007629395,5012.02553601307,1,5.35846853256226,10.0317754524174,4674.14999999999,3.72444446859213,0,"Light Ground Pamlico","Light Ground Pamlico","Light Ground Pamlico1",NA
93,0,1.73,1,17.1855907440186,5012.02553601307,1,5.44777727127075,10.3050158405274,4674.14999999999,3.72444446859213,0,"Light Ground Pamlico","Light Ground Pamlico","Light Ground Pamlico1",NA
94,0,1.73,1,17.2000007629395,5012.02553601307,1,4.36708736419678,12.2932072209085,4674.14999999999,3.72444446859213,0,"Light Ground Pamlico","Light Ground Pamlico","Light Ground Pamlico1",NA
95,0,1.55818181818182,1,17.1937370300293,8774.69167752031,1,5.39228010177612,9.56025991176542,4674.14999999999,3.72444446859213,0,"Light Ground Pamlico","Light Ground Pamlico","Light Ground Pamlico1",NA
96,0,1.73,1,17.1000003814697,5012.02553601307,1,4.74746465682983,10.7420228931888,4674.14999999999,3.72444446859213,0,"Light Ground Pamlico","Light Ground Pamlico","Light Ground Pamlico1",NA
97,0,1.55818181818182,1,17.2104721069336,8774.69167752031,1,5.04191827774048,9.47455982729615,4674.14999999999,3.72444446859213,0,"Light Ground Pamlico","Light Ground Pamlico","Light Ground Pamlico1",NA
98,0,1.73,1,17.1952095031738,5012.02553601307,1,5.2760968208313,10.0423750542118,4674.14999999999,3.72444446859213,0,"Light Ground Pamlico","Light Ground Pamlico","Light Ground Pamlico1",NA
99,0,1.55818181818182,1,17.1095142364502,8774.69167752031,1,5.0270881652832,9.45399699604721,4674.14999999999,3.72444446859213,0,"Light Ground Pamlico","Light Ground Pamlico","Light Ground Pamlico1",NA
1,25,1.73,1,17.1716556549072,5012.02553601307,0,5.13671684265137,10.5514432522022,4674.14999999999,3.72444446859213,0,"Light Ground Pamlico","Light Ground Pamlico","Light Ground Pamlico1",NA
2,25,1.73,1,17.1000003814697,5012.02553601307,0,5.31878662109375,9.01443441728299,4674.14999999999,3.72444446859213,0,"Light Ground Pamlico","Light Ground Pamlico","Light Ground Pamlico1",NA
4,25,1.73,1,17.184268951416,5012.02553601307,0,5.18151330947876,9.82465556380868,4674.14999999999,3.72444446859213,0,"Light Ground Pamlico","Light Ground Pamlico","Light Ground Pamlico1",NA
5,25,1.73,1,17.1974601745605,5012.02553601307,0,4.96017122268677,11.0177557960324,4674.14999999999,3.72444446859213,0,"Light Ground Pamlico","Light Ground Pamlico","Light Ground Pamlico1",NA
6,25,1.73,1,17.1942348480225,5012.02553601307,0,5.27945852279663,8.75772989430479,4674.14999999999,3.72444446859213,0,"Light Ground Pamlico","Light Ground Pamlico","Light Ground Pamlico1",NA
7,25,1.73,1,17.1000003814697,5012.02553601307,0,5.34238958358765,9.49310617477414,4674.14999999999,3.72444446859213,0,"Light Ground Pamlico","Light Ground Pamlico","Light Ground Pamlico1",NA
8,25,1.73,1,17.3113555908203,5012.02553601307,0,4.47999143600464,11.6850446906599,4674.14999999999,3.72444446859213,0,"Light Ground Pamlico","Light Ground Pamlico","Light Ground Pamlico1",NA
9,25,1.55818181818182,1,17.2000007629395,8774.69167752031,0,4.91744947433472,9.71151332306606,4674.14999999999,3.72444446859213,0,"Light Ground Pamlico","Light Ground Pamlico","Light Ground Pamlico1",NA
10,25,1.73,1,17.2000007629395,5012.02553601307,0,5.16411304473877,8.43318274232531,4674.14999999999,3.72444446859213,0,"Light Ground Pamlico","Light Ground Pamlico","Light Ground Pamlico1",NA
11,25,1.73,1,17.1935329437256,5012.02553601307,0,5.26841354370117,9.89912567962811,4674.14999999999,3.72444446859213,0,"Light Ground Pamlico","Light Ground Pamlico","Light Ground Pamlico1",NA
12,25,1.55818181818182,1,17.2999992370605,8774.69167752031,0,5.3574595451355,8.71483552190072,4674.14999999999,3.72444446859213,0,"Light Ground Pamlico","Light Ground Pamlico","Light Ground Pamlico1",NA
13,25,1.73,1,17.1023502349854,5012.02553601307,0,4.58313846588135,11.6484107689438,4674.14999999999,3.72444446859213,0,"Light Ground Pamlico","Light Ground Pamlico","Light Ground Pamlico1",NA
14,25,1.55818181818182,1,17.1629600524902,8774.69167752031,0,4.86701679229736,10.0501130182155,4674.14999999999,3.72444446859213,0,"Light Ground Pamlico","Light Ground Pamlico","Light Ground Pamlico1",NA
15,25,1.55818181818182,1,17.1000003814697,8774.69167752031,0,4.78979921340942,10.6218873389946,4674.14999999999,3.72444446859213,0,"Light Ground Pamlico","Light Ground Pamlico","Light Ground Pamlico1",NA
16,25,1.55818181818182,1,17.1573143005371,8774.69167752031,0,5.17330837249756,9.19102036417243,4674.14999999999,3.72444446859213,0,"Light Ground Pamlico","Light Ground Pamlico","Light Ground Pamlico1",NA
17,25,1.55818181818182,1,17.1079139709473,8774.69167752031,0,5.17532825469971,9.48205307225944,4674.14999999999,3.72444446859213,0,"Light Ground Pamlico","Light Ground Pamlico","Light Ground Pamlico1",NA
18,25,1.73,1,17.1497669219971,5012.02553601307,0,4.97368431091309,9.28377565176255,4674.14999999999,3.72444446859213,0,"Light Ground Pamlico","Light Ground Pamlico","Light Ground Pamlico1",NA
19,25,1.73,1,17.2000007629395,5012.02553601307,0,5.14330577850342,10.657326865899,4674.14999999999,3.72444446859213,0,"Light Ground Pamlico","Light Ground Pamlico","Light Ground Pamlico1",NA
20,25,1.73,1,17.2000007629395,5012.02553601307,0,4.9922571182251,11.1186218387942,4674.14999999999,3.72444446859213,0,"Light Ground Pamlico","Light Ground Pamlico","Light Ground Pamlico1",NA
21,25,1.541,1,17.3138847351074,3762.66614150724,0,5.46053647994995,8.21710956319952,4674.14999999999,3.72444446859213,0,"Light Ground Pamlico","Light Ground Pamlico","Light Ground Pamlico1",NA
22,25,1.541,1,17.1634654998779,3762.66614150724,0,4.94608068466187,9.81998858077858,4674.14999999999,3.72444446859213,0,"Light Ground Pamlico","Light Ground Pamlico","Light Ground Pamlico1",NA
23,25,1.73,1,17.1631011962891,5012.02553601307,0,4.6974630355835,10.9715351352711,4674.14999999999,3.72444446859213,0,"Light Ground Pamlico","Light Ground Pamlico","Light Ground Pamlico1",NA
24,25,1.73,1,17.2028617858887,5012.02553601307,0,4.79998397827148,11.1989351766198,4674.14999999999,3.72444446859213,0,"Light Ground Pamlico","Light Ground Pamlico","Light Ground Pamlico1",NA
25,25,1.73,1,17.1524810791016,5012.02553601307,0,4.67765331268311,11.6625075495493,4674.14999999999,3.72444446859213,0,"Light Ground Pamlico","Light Ground Pamlico","Light Ground Pamlico1",NA
26,25,1.73,1,17.1000003814697,5012.02553601307,0,4.81922149658203,11.0720491913997,4674.14999999999,3.72444446859213,0,"Light Ground Pamlico","Light Ground Pamlico","Light Ground Pamlico1",NA
27,25,1.73,1,17.1986064910889,5012.02553601307,0,5.0303373336792,9.21427745840636,4674.14999999999,3.72444446859213,0,"Light Ground Pamlico","Light Ground Pamlico","Light Ground Pamlico1",NA
28,25,1.73,1,17.2000007629395,5012.02553601307,0,5.02133750915527,9.86143896242618,4674.14999999999,3.72444446859213,0,"Light Ground Pamlico","Light Ground Pamlico","Light Ground Pamlico1",NA
29,25,1.541,1,17.3189315795898,3762.66614150724,0,4.88396739959717,9.75052299347681,4674.14999999999,3.72444446859213,0,"Light Ground Pamlico","Light Ground Pamlico","Light Ground Pamlico1",NA
30,25,1.55818181818182,1,17.2000007629395,8774.69167752031,0,5.47424507141113,8.30480959183596,4674.14999999999,3.72444446859213,0,"Light Ground Pamlico","Light Ground Pamlico","Light Ground Pamlico1",NA
31,25,1.73,1,17.1000003814697,5012.02553601307,0,4.85356283187866,11.2794748469268,4674.14999999999,3.72444446859213,0,"Light Ground Pamlico","Light Ground Pamlico","Light Ground Pamlico1",NA
32,25,1.73,1,17.1000003814697,5012.02553601307,0,5.00597143173218,11.0434583935308,4674.14999999999,3.72444446859213,0,"Light Ground Pamlico","Light Ground Pamlico","Light Ground Pamlico1",NA
33,25,1.73,1,17.1044330596924,5012.02553601307,0,5.13372564315796,9.21039876970441,4674.14999999999,3.72444446859213,0,"Light Ground Pamlico","Light Ground Pamlico","Light Ground Pamlico1",NA
34,25,1.55818181818182,1,17.1002101898193,8774.69167752031,0,4.47247648239136,11.8720554165688,4674.14999999999,3.72444446859213,0,"Light Ground Pamlico","Light Ground Pamlico","Light Ground Pamlico1",NA
35,25,1.55142857142857,1,17.2453517913818,8891.99539418463,0,5.35839605331421,7.84321763731361,4674.14999999999,3.72444446859213,0,"Light Ground Pamlico","Light Ground Pamlico","Light Ground Pamlico1",NA
36,25,1.73,1,17.2000007629395,5012.02553601307,0,5.05449533462524,10.6256584856776,4674.14999999999,3.72444446859213,0,"Light Ground Pamlico","Light Ground Pamlico","Light Ground Pamlico1",NA
37,25,1.73,1,17.1221752166748,5012.02553601307,0,5.18623733520508,9.59615181275058,4674.14999999999,3.72444446859213,0,"Light Ground Pamlico","Light Ground Pamlico","Light Ground Pamlico1",NA
38,25,1.53769230769231,1,17.2777671813965,3879.96985817156,0,5.06086301803589,7.37056732143248,4674.14999999999,3.72444446859213,0,"Light Ground Pamlico","Light Ground Pamlico","Light Ground Pamlico1",NA
39,25,1.73,1,17.2000007629395,5012.02553601307,0,5.20677900314331,10.1554998766151,4674.14999999999,3.72444446859213,0,"Light Ground Pamlico","Light Ground Pamlico","Light Ground Pamlico1",NA
40,25,1.55818181818182,1,17.2000007629395,8774.69167752031,0,5.21545457839966,7.95282566751909,4674.14999999999,3.72444446859213,0,"Light Ground Pamlico","Light Ground Pamlico","Light Ground Pamlico1",NA
41,25,1.73,1,17.2000007629395,5012.02553601307,0,5.35854959487915,10.2683521486423,4674.14999999999,3.72444446859213,0,"Light Ground Pamlico","Light Ground Pamlico","Light Ground Pamlico1",NA
42,25,1.73,1,17.2530078887939,5012.02553601307,0,4.8183650970459,10.6214980811607,4674.14999999999,3.72444446859213,0,"Light Ground Pamlico","Light Ground Pamlico","Light Ground Pamlico1",NA
43,25,1.73,1,17.2000007629395,5012.02553601307,0,5.09799718856812,10.6757205821165,4674.14999999999,3.72444446859213,0,"Light Ground Pamlico","Light Ground Pamlico","Light Ground Pamlico1",NA
44,25,1.55818181818182,1,17.2772750854492,8774.69167752031,0,4.19198513031006,12.3386714506695,4674.14999999999,3.72444446859213,0,"Light Ground Pamlico","Light Ground Pamlico","Light Ground Pamlico1",NA
46,25,1.55818181818182,1,17.2000007629395,8774.69167752031,0,5.14084053039551,7.6541448836495,4674.14999999999,3.72444446859213,0,"Light Ground Pamlico","Light Ground Pamlico","Light Ground Pamlico1",NA
47,25,1.55818181818182,1,17.2774333953857,8774.69167752031,0,5.44958639144897,8.4737178293043,4674.14999999999,3.72444446859213,0,"Light Ground Pamlico","Light Ground Pamlico","Light Ground Pamlico1",NA
48,25,1.73,1,17.1260776519775,5012.02553601307,0,5.03916263580322,9.61708925822583,4674.14999999999,3.72444446859213,0,"Light Ground Pamlico","Light Ground Pamlico","Light Ground Pamlico1",NA
49,25,1.73,1,17.143159866333,5012.02553601307,0,5.06901407241821,10.820994746501,4674.14999999999,3.72444446859213,0,"Light Ground Pamlico","Light Ground Pamlico","Light Ground Pamlico1",NA
50,25,1.73,1,17.1957912445068,5012.02553601307,0,4.38028955459595,11.7738937396632,4674.14999999999,3.72444446859213,0,"Light Ground Pamlico","Light Ground Pamlico","Light Ground Pamlico1",NA
51,25,1.73,1,17.0999984741211,5012.02553601307,0,4.59129095077515,11.5078872409854,4674.14999999999,3.72444446859213,0,"Light Ground Pamlico","Light Ground Pamlico","Light Ground Pamlico1",NA
52,25,1.73,1,17.2000007629395,5012.02553601307,0,5.0268087387085,10.1186838314625,4674.14999999999,3.72444446859213,0,"Light Ground Pamlico","Light Ground Pamlico","Light Ground Pamlico1",NA
53,25,1.541,1,17.3028774261475,3762.66614150724,0,5.39450883865356,7.98658532773026,4674.14999999999,3.72444446859213,0,"Light Ground Pamlico","Light Ground Pamlico","Light Ground Pamlico1",NA
54,25,1.73,1,17.4379253387451,5012.02553601307,0,4.71043252944946,11.3236050883619,4674.14999999999,3.72444446859213,0,"Light Ground Pamlico","Light Ground Pamlico","Light Ground Pamlico1",NA
55,25,1.53769230769231,1,17.2999992370605,3879.96985817156,0,5.55421590805054,7.69301259039236,4674.14999999999,3.72444446859213,0,"Light Ground Pamlico","Light Ground Pamlico","Light Ground Pamlico1",NA
56,25,1.73,1,17.1549034118652,5012.02553601307,0,5.26182842254639,9.67865606855866,4674.14999999999,3.72444446859213,0,"Light Ground Pamlico","Light Ground Pamlico","Light Ground Pamlico1",NA
57,25,1.55818181818182,1,17.2049083709717,8774.69167752031,0,4.8506908416748,9.51272141698162,4674.14999999999,3.72444446859213,0,"Light Ground Pamlico","Light Ground Pamlico","Light Ground Pamlico1",NA
58,25,1.541,1,17.2992744445801,3762.66614150724,0,5.27529764175415,9.140295883721,4674.14999999999,3.72444446859213,0,"Light Ground Pamlico","Light Ground Pamlico","Light Ground Pamlico1",NA
59,25,1.53769230769231,1,17.2999992370605,3879.96985817156,0,5.2052698135376,7.36096445571153,4674.14999999999,3.72444446859213,0,"Light Ground Pamlico","Light Ground Pamlico","Light Ground Pamlico1",NA
60,25,1.73,1,17.119255065918,5012.02553601307,0,5.43438768386841,9.42218519082258,4674.14999999999,3.72444446859213,0,"Light Ground Pamlico","Light Ground Pamlico","Light Ground Pamlico1",NA
61,25,1.73,1,17.2000026702881,5012.02553601307,0,5.4104380607605,10.5466002650599,4674.14999999999,3.72444446859213,0,"Light Ground Pamlico","Light Ground Pamlico","Light Ground Pamlico1",NA
62,25,1.73,1,17.2000007629395,5012.02553601307,0,5.47523880004883,9.8808822541725,4674.14999999999,3.72444446859213,0,"Light Ground Pamlico","Light Ground Pamlico","Light Ground Pamlico1",NA
63,25,1.73,1,17.1753711700439,5012.02553601307,0,4.52982568740845,11.9708222409851,4674.14999999999,3.72444446859213,0,"Light Ground Pamlico","Light Ground Pamlico","Light Ground Pamlico1",NA
64,25,1.55818181818182,1,17.2966156005859,8774.69167752031,0,5.5094518661499,8.10739461221272,4674.14999999999,3.72444446859213,0,"Light Ground Pamlico","Light Ground Pamlico","Light Ground Pamlico1",NA
65,25,1.55818181818182,1,17.1000003814697,8774.69167752031,0,4.92220497131348,10.2580971690749,4674.14999999999,3.72444446859213,0,"Light Ground Pamlico","Light Ground Pamlico","Light Ground Pamlico1",NA
66,25,1.73,1,17.1187782287598,5012.02553601307,0,5.06359338760376,9.01124580447982,4674.14999999999,3.72444446859213,0,"Light Ground Pamlico","Light Ground Pamlico","Light Ground Pamlico1",NA
67,25,1.73,1,17.2000007629395,5012.02553601307,0,5.08992528915405,10.2026433268379,4674.14999999999,3.72444446859213,0,"Light Ground Pamlico","Light Ground Pamlico","Light Ground Pamlico1",NA
68,25,1.73,1,17.1088886260986,5012.02553601307,0,4.99106693267822,10.412452122296,4674.14999999999,3.72444446859213,0,"Light Ground Pamlico","Light Ground Pamlico","Light Ground Pamlico1",NA
69,25,1.73,1,17.113260269165,5012.02553601307,0,4.75976419448853,11.4992272316363,4674.14999999999,3.72444446859213,0,"Light Ground Pamlico","Light Ground Pamlico","Light Ground Pamlico1",NA
70,25,1.73,1,17.2000007629395,5012.02553601307,0,5.27360582351685,10.3118525019404,4674.14999999999,3.72444446859213,0,"Light Ground Pamlico","Light Ground Pamlico","Light Ground Pamlico1",NA
71,25,1.73,1,17.2999992370605,5012.02553601307,0,4.70867300033569,11.076495125957,4674.14999999999,3.72444446859213,0,"Light Ground Pamlico","Light Ground Pamlico","Light Ground Pamlico1",NA
72,25,1.73,1,17.1535682678223,5012.02553601307,0,4.54293823242188,11.4176241723584,4674.14999999999,3.72444446859213,0,"Light Ground Pamlico","Light Ground Pamlico","Light Ground Pamlico1",NA
73,25,1.73,1,17.2000007629395,5012.02553601307,0,5.27002239227295,9.42340447477421,4674.14999999999,3.72444446859213,0,"Light Ground Pamlico","Light Ground Pamlico","Light Ground Pamlico1",NA
74,25,1.73,1,17.2056903839111,5012.02553601307,0,4.92648410797119,10.6340462657646,4674.14999999999,3.72444446859213,0,"Light Ground Pamlico","Light Ground Pamlico","Light Ground Pamlico1",NA
75,25,1.73,1,17.1000003814697,5012.02553601307,0,5.32452964782715,9.94680494096278,4674.14999999999,3.72444446859213,0,"Light Ground Pamlico","Light Ground Pamlico","Light Ground Pamlico1",NA
76,25,1.55818181818182,1,17.1470947265625,8774.69167752031,0,5.26508665084839,8.91828453122806,4674.14999999999,3.72444446859213,0,"Light Ground Pamlico","Light Ground Pamlico","Light Ground Pamlico1",NA
77,25,1.73,1,17.1826763153076,5012.02553601307,0,4.97250175476074,11.0613539376712,4674.14999999999,3.72444446859213,0,"Light Ground Pamlico","Light Ground Pamlico","Light Ground Pamlico1",NA
78,25,1.73,1,17.1999988555908,5012.02553601307,0,5.30466318130493,10.4855225216818,4674.14999999999,3.72444446859213,0,"Light Ground Pamlico","Light Ground Pamlico","Light Ground Pamlico1",NA
79,25,1.73,1,17.1000003814697,5012.02553601307,0,5.07298755645752,10.7058233240563,4674.14999999999,3.72444446859213,0,"Light Ground Pamlico","Light Ground Pamlico","Light Ground Pamlico1",NA
80,25,1.73,1,17.2000007629395,5012.02553601307,0,4.4271035194397,11.9550749466977,4674.14999999999,3.72444446859213,0,"Light Ground Pamlico","Light Ground Pamlico","Light Ground Pamlico1",NA
81,25,1.73,1,17.1494636535645,5012.02553601307,0,5.49512910842896,9.85215821343507,4674.14999999999,3.72444446859213,0,"Light Ground Pamlico","Light Ground Pamlico","Light Ground Pamlico1",NA
82,25,1.55818181818182,1,17.3685474395752,8774.69167752031,0,4.27252531051636,12.2072614217048,4674.14999999999,3.72444446859213,0,"Light Ground Pamlico","Light Ground Pamlico","Light Ground Pamlico1",NA
83,25,1.73,1,17.1121959686279,5012.02553601307,0,4.32087278366089,11.9709328399714,4674.14999999999,3.72444446859213,0,"Light Ground Pamlico","Light Ground Pamlico","Light Ground Pamlico1",NA
85,25,1.73,1,17.2000007629395,5012.02553601307,0,5.06473588943481,8.11139971043217,4674.14999999999,3.72444446859213,0,"Light Ground Pamlico","Light Ground Pamlico","Light Ground Pamlico1",NA
86,25,1.73,1,17.1980056762695,5012.02553601307,0,5.16569995880127,10.0494297276171,4674.14999999999,3.72444446859213,0,"Light Ground Pamlico","Light Ground Pamlico","Light Ground Pamlico1",NA
87,25,1.73,1,17.1592636108398,5012.02553601307,0,4.8459587097168,11.3634890357552,4674.14999999999,3.72444446859213,0,"Light Ground Pamlico","Light Ground Pamlico","Light Ground Pamlico1",NA
88,25,1.73,1,17.1990985870361,5012.02553601307,0,5.33577156066895,9.89942598879042,4674.14999999999,3.72444446859213,0,"Light Ground Pamlico","Light Ground Pamlico","Light Ground Pamlico1",NA
89,25,1.73,1,17.19944190979,5012.02553601307,0,5.07928562164307,8.97536861189211,4674.14999999999,3.72444446859213,0,"Light Ground Pamlico","Light Ground Pamlico","Light Ground Pamlico1",NA
90,25,1.73,1,17.2000007629395,5012.02553601307,0,5.39022159576416,10.3177062741886,4674.14999999999,3.72444446859213,0,"Light Ground Pamlico","Light Ground Pamlico","Light Ground Pamlico1",NA
91,25,1.73,1,17.182653427124,5012.02553601307,0,5.17193746566772,10.9033222264486,4674.14999999999,3.72444446859213,0,"Light Ground Pamlico","Light Ground Pamlico","Light Ground Pamlico1",NA
92,25,1.73,1,17.2000007629395,5012.02553601307,0,5.35846853256226,10.0317754524174,4674.14999999999,3.72444446859213,0,"Light Ground Pamlico","Light Ground Pamlico","Light Ground Pamlico1",NA
93,25,1.73,1,17.1855907440186,5012.02553601307,0,5.44777727127075,10.3050158405274,4674.14999999999,3.72444446859213,0,"Light Ground Pamlico","Light Ground Pamlico","Light Ground Pamlico1",NA
94,25,1.73,1,17.2000007629395,5012.02553601307,0,4.36708736419678,12.2932072209085,4674.14999999999,3.72444446859213,0,"Light Ground Pamlico","Light Ground Pamlico","Light Ground Pamlico1",NA
95,25,1.55818181818182,1,17.1937370300293,8774.69167752031,0,5.39228010177612,9.56025991176542,4674.14999999999,3.72444446859213,0,"Light Ground Pamlico","Light Ground Pamlico","Light Ground Pamlico1",NA
96,25,1.73,1,17.1000003814697,5012.02553601307,0,4.74746465682983,10.7420228931888,4674.14999999999,3.72444446859213,0,"Light Ground Pamlico","Light Ground Pamlico","Light Ground Pamlico1",NA
97,25,1.55818181818182,1,17.2104721069336,8774.69167752031,0,5.04191827774048,9.47455982729615,4674.14999999999,3.72444446859213,0,"Light Ground Pamlico","Light Ground Pamlico","Light Ground Pamlico1",NA
98,25,1.73,1,17.1952095031738,5012.02553601307,0,5.2760968208313,10.0423750542118,4674.14999999999,3.72444446859213,0,"Light Ground Pamlico","Light Ground Pamlico","Light Ground Pamlico1",NA
99,25,1.55818181818182,1,17.1095142364502,8774.69167752031,0,5.0270881652832,9.45399699604721,4674.14999999999,3.72444446859213,0,"Light Ground Pamlico","Light Ground Pamlico","Light Ground Pamlico1",NA
