"acresid","wtd","bulkdensity","mucktype","soiltemp","numacres","tx","elevation","distkm","ndvi","totalGDD","scPDSI","vegetation","location","site","uniqueid","soilresp"
1,10,1.2,1,16.2667999267578,11740.9513674887,1,4.4995903968811,16.0411801475009,0.459580421447754,4502.7,3.49361344434572,0,"Parker Tract","Parker Tract","Parker Tract1",NA
2,10,1.24214285714286,1,16,12470.593759417,1,4.95912504196167,15.573743016261,0.476463615894318,4502.7,3.49361344434572,0,"Parker Tract","Parker Tract","Parker Tract1",NA
3,10,1.389375,1,15.98805809021,13657.6729670201,1,3.92559266090393,13.9823843793884,0.402237415313721,4502.7,3.49361344434572,0,"Parker Tract","Parker Tract","Parker Tract1",NA
4,10,1.195,1,16.1745109558105,11815.190776324,1,4.72992992401123,16.9227795670579,0.422961413860321,4502.7,3.49361344434572,0,"Parker Tract","Parker Tract","Parker Tract1",NA
5,10,1.503,1,16.2834510803223,1916.7215995314,1,3.7984607219696,13.5944767463815,0.407430171966553,4502.7,3.49361344434572,0,"Parker Tract","Parker Tract","Parker Tract1",NA
6,10,1.2,1,16,11740.9513674887,1,4.7368335723877,15.2039261731505,0.473973125219345,4502.7,3.49361344434572,0,"Parker Tract","Parker Tract","Parker Tract1",NA
7,10,1.2,1,15.9394235610962,11740.9513674887,1,4.58496952056885,15.739368255836,0.470079898834229,4502.7,3.49361344434572,0,"Parker Tract","Parker Tract","Parker Tract1",NA
8,10,1.55833333333333,1,16.2999992370605,1777.08772016756,1,3.6933274269104,14.7671720177837,0.543627619743347,4502.7,3.49361344434572,0,"Parker Tract","Parker Tract","Parker Tract1",NA
9,10,1.27375,1,16,729.642391928296,1,4.85697364807129,15.5649150386628,0.477307975292206,4502.7,3.49361344434572,0,"Parker Tract","Parker Tract","Parker Tract1",NA
10,10,1.24214285714286,1,16.2936897277832,12470.593759417,1,4.80773115158081,16.9980284342245,0.482702940702438,4502.7,3.49361344434572,0,"Parker Tract","Parker Tract","Parker Tract1",NA
11,10,1.2,1,16.0404968261719,11740.9513674887,1,4.94631862640381,14.9746962193672,0.424162209033966,4502.7,3.49361344434572,0,"Parker Tract","Parker Tract","Parker Tract1",NA
12,10,1.2,1,16.1023864746094,11740.9513674887,1,4.89014911651611,15.6332257838965,0.493134260177612,4502.7,3.49361344434572,0,"Parker Tract","Parker Tract","Parker Tract1",NA
13,10,1.47333333333333,0,16.369421005249,7994.71693335876,1,5.54416799545288,16.0005943358746,0.411331564188004,4502.7,3.49361344434572,0,"Parker Tract","Parker Tract","Parker Tract1",NA
14,10,1.2,1,16.2087078094482,11740.9513674887,1,4.62755250930786,15.9029129460662,0.462705314159393,4502.7,3.49361344434572,0,"Parker Tract","Parker Tract","Parker Tract1",NA
15,10,1.24214285714286,1,16.3836669921875,12470.593759417,1,4.47815847396851,17.265617065722,0.549496531486511,4502.7,3.49361344434572,0,"Parker Tract","Parker Tract","Parker Tract1",NA
16,10,1.2,1,15.7999992370605,11740.9513674887,1,4.44849872589111,15.1543957680994,0.476838260889053,4502.7,3.49361344434572,0,"Parker Tract","Parker Tract","Parker Tract1",NA
17,10,1.30888888888889,1,15.899998664856,13314.7394019499,1,4.11224412918091,14.4218037979554,0.407912254333496,4502.7,3.49361344434572,0,"Parker Tract","Parker Tract","Parker Tract1",NA
18,10,1.503,1,16.2999992370605,1916.7215995314,1,3.77476334571838,13.2199309270684,0.396256029605865,4502.7,3.49361344434572,0,"Parker Tract","Parker Tract","Parker Tract1",NA
19,10,1.2,1,16.0898704528809,11740.9513674887,1,4.1992769241333,15.8212815999993,0.474980503320694,4502.7,3.49361344434572,0,"Parker Tract","Parker Tract","Parker Tract1",NA
20,10,1.30888888888889,1,15.9997940063477,13314.7394019499,1,4.35648918151855,15.0068049523428,0.486376821994781,4502.7,3.49361344434572,0,"Parker Tract","Parker Tract","Parker Tract1",NA
21,10,1.37153846153846,1,16.0154838562012,13365.6672759356,1,4.44075012207031,13.820777715851,0.411654740571976,4502.7,3.49361344434572,0,"Parker Tract","Parker Tract","Parker Tract1",NA
22,10,1.2,1,16.0556926727295,11740.9513674887,1,4.694251537323,15.4934345847021,0.47324737906456,4502.7,3.49361344434572,0,"Parker Tract","Parker Tract","Parker Tract1",NA
23,10,1.37916666666667,1,16.1269454956055,13518.0390876563,1,4.19200086593628,15.6058860043963,0.455134183168411,4502.7,3.49361344434572,0,"Parker Tract","Parker Tract","Parker Tract1",NA
24,10,1.2,1,16.0383110046387,11740.9513674887,1,4.41436386108398,15.6949789337844,0.427453935146332,4502.7,3.49361344434572,0,"Parker Tract","Parker Tract","Parker Tract1",NA
25,10,1.2,1,15.9020738601685,11740.9513674887,1,4.66668653488159,14.7219633717285,0.467267483472824,4502.7,3.49361344434572,0,"Parker Tract","Parker Tract","Parker Tract1",NA
26,10,1.2,1,15.9520864486694,11740.9513674887,1,4.64481163024902,14.8368399761809,0.45019257068634,4502.7,3.49361344434572,0,"Parker Tract","Parker Tract","Parker Tract1",NA
27,10,1.2,1,16.039270401001,11740.9513674887,1,4.41764116287231,15.9242294418302,0.473438769578934,4502.7,3.49361344434572,0,"Parker Tract","Parker Tract","Parker Tract1",NA
28,10,1.503,1,16.3212661743164,1916.7215995314,1,3.78905034065247,13.5575428093915,0.42824575304985,4502.7,3.49361344434572,0,"Parker Tract","Parker Tract","Parker Tract1",NA
29,10,1.2,1,16,11740.9513674887,1,4.70104122161865,15.2259585178258,0.471958667039871,4502.7,3.49361344434572,0,"Parker Tract","Parker Tract","Parker Tract1",NA
30,10,1.2,1,16.0926380157471,11740.9513674887,1,4.74886035919189,14.7781842366848,0.48063051700592,4502.7,3.49361344434572,0,"Parker Tract","Parker Tract","Parker Tract1",NA
31,10,1.2,1,15.8857088088989,11740.9513674887,1,4.42831182479858,14.0502908842133,0.411655455827713,4502.7,3.49361344434572,0,"Parker Tract","Parker Tract","Parker Tract1",NA
32,10,1.24214285714286,1,16.1000003814697,12470.593759417,1,4.6293215751648,16.4494940590609,0.455648362636566,4502.7,3.49361344434572,0,"Parker Tract","Parker Tract","Parker Tract1",NA
33,10,1.30888888888889,1,16.0296745300293,13314.7394019499,1,3.96646237373352,14.5248262099969,0.457922726869583,4502.7,3.49361344434572,0,"Parker Tract","Parker Tract","Parker Tract1",NA
34,10,1.27375,1,16.1522197723389,729.642391928296,1,4.82513570785522,16.7533189951402,0.49324631690979,4502.7,3.49361344434572,0,"Parker Tract","Parker Tract","Parker Tract1",NA
35,10,1.2,1,15.9000282287598,11740.9513674887,1,4.51613759994507,14.1572683972891,0.447652965784073,4502.7,3.49361344434572,0,"Parker Tract","Parker Tract","Parker Tract1",NA
36,10,1.2,1,16.2999992370605,11740.9513674887,1,4.27304792404175,16.3821231811501,0.475626021623611,4502.7,3.49361344434572,0,"Parker Tract","Parker Tract","Parker Tract1",NA
37,10,1.30888888888889,1,16.3900661468506,11804.8424678054,1,5.10329866409302,16.6019770098932,0.522494971752167,4502.7,3.49361344434572,0,"Parker Tract","Parker Tract","Parker Tract1",NA
38,10,1.32818181818182,1,16.2379741668701,8724.35932528706,1,4.90096664428711,15.9793605072019,0.465936303138733,4502.7,3.49361344434572,0,"Parker Tract","Parker Tract","Parker Tract1",NA
39,10,1.2,1,16.1000003814697,11740.9513674887,1,4.82435846328735,15.2465517747283,0.481954425573349,4502.7,3.49361344434572,0,"Parker Tract","Parker Tract","Parker Tract1",NA
40,10,1.503,1,16.1237335205078,1916.7215995314,1,3.90838575363159,13.5169205958447,0.396517008543015,4502.7,3.49361344434572,0,"Parker Tract","Parker Tract","Parker Tract1",NA
41,10,1.2,1,16.2641296386719,11740.9513674887,1,4.26071691513062,16.1091557626455,0.478017210960388,4502.7,3.49361344434572,0,"Parker Tract","Parker Tract","Parker Tract1",NA
42,10,1.325,1,15.8799390792847,11791.8792414744,1,4.46842336654663,13.9433219799199,0.405558288097382,4502.7,3.49361344434572,0,"Parker Tract","Parker Tract","Parker Tract1",NA
43,10,1.32222222222222,1,16.2000007629395,12130.213865026,1,4.73795461654663,17.3515178750165,0.537496030330658,4502.7,3.49361344434572,0,"Parker Tract","Parker Tract","Parker Tract1",NA
44,10,1.325,1,15.8203077316284,11791.8792414744,1,4.40892744064331,14.5185386189411,0.4005928337574,4502.7,3.49361344434572,0,"Parker Tract","Parker Tract","Parker Tract1",NA
45,10,1.2,1,15.9755687713623,11740.9513674887,1,4.70738363265991,15.0285882851798,0.475912898778915,4502.7,3.49361344434572,0,"Parker Tract","Parker Tract","Parker Tract1",NA
46,10,1.24214285714286,1,16.0488166809082,12470.593759417,1,4.77820205688477,16.5574739573046,0.485491573810577,4502.7,3.49361344434572,0,"Parker Tract","Parker Tract","Parker Tract1",NA
47,10,1.2,1,16.1000003814697,11740.9513674887,1,4.80416679382324,15.5538923053763,0.48062339425087,4502.7,3.49361344434572,0,"Parker Tract","Parker Tract","Parker Tract1",NA
48,10,1.503,1,16.2999992370605,1916.7215995314,1,3.86542463302612,14.0358988257389,0.446979284286499,4502.7,3.49361344434572,0,"Parker Tract","Parker Tract","Parker Tract1",NA
49,10,1.2,1,15.9605808258057,11740.9513674887,1,4.39071178436279,15.2344268442787,0.480853170156479,4502.7,3.49361344434572,0,"Parker Tract","Parker Tract","Parker Tract1",NA
50,10,1.325,1,15.7999992370605,11791.8792414744,1,4.31588077545166,14.2797152429655,0.382454127073288,4502.7,3.49361344434572,0,"Parker Tract","Parker Tract","Parker Tract1",NA
51,10,1.2,1,16.2548332214355,11740.9513674887,1,5.09963989257812,15.9344040931392,0.45572155714035,4502.7,3.49361344434572,0,"Parker Tract","Parker Tract","Parker Tract1",NA
52,10,1.355,1,16.2999992370605,8458.21883973138,1,5.1051778793335,16.7223193499785,0.493444591760635,4502.7,3.49361344434572,0,"Parker Tract","Parker Tract","Parker Tract1",NA
53,10,1.24214285714286,1,16.0285701751709,12470.593759417,1,4.86912107467651,16.0351674280074,0.480734825134277,4502.7,3.49361344434572,0,"Parker Tract","Parker Tract","Parker Tract1",NA
54,10,1.23785714285714,1,16.1679401397705,803.881800763582,1,4.78061771392822,16.2663820509744,0.497790634632111,4502.7,3.49361344434572,0,"Parker Tract","Parker Tract","Parker Tract1",NA
55,10,1.2,1,16.0004539489746,11740.9513674887,1,4.72920036315918,14.6983217651095,0.473106563091278,4502.7,3.49361344434572,0,"Parker Tract","Parker Tract","Parker Tract1",NA
56,10,1.2,1,16,11740.9513674887,1,4.33870935440063,15.4448322325954,0.468306422233582,4502.7,3.49361344434572,0,"Parker Tract","Parker Tract","Parker Tract1",NA
57,10,1.2,1,16.2318325042725,11740.9513674887,1,4.43010091781616,15.9678063160334,0.463105142116547,4502.7,3.49361344434572,0,"Parker Tract","Parker Tract","Parker Tract1",NA
58,10,1.2,1,15.9252138137817,11740.9513674887,1,4.7191686630249,14.9248482101542,0.475277751684189,4502.7,3.49361344434572,0,"Parker Tract","Parker Tract","Parker Tract1",NA
59,10,1.2,1,15.8999996185303,11740.9513674887,1,4.77359676361084,14.4812704595553,0.473291844129562,4502.7,3.49361344434572,0,"Parker Tract","Parker Tract","Parker Tract1",NA
60,10,1.33,1,16.1394176483154,11944.2510531951,1,4.35772895812988,15.2209604574135,0.475304931402206,4502.7,3.49361344434572,0,"Parker Tract","Parker Tract","Parker Tract1",NA
61,10,1.24214285714286,1,16.0602111816406,12470.593759417,1,4.85169219970703,15.8828763838626,0.456421703100204,4502.7,3.49361344434572,0,"Parker Tract","Parker Tract","Parker Tract1",NA
62,10,1.24214285714286,1,16,12470.593759417,1,5.09414196014404,15.472162244041,0.473593920469284,4502.7,3.49361344434572,0,"Parker Tract","Parker Tract","Parker Tract1",NA
63,10,1.47333333333333,0,16.3947601318359,7994.71693335876,1,5.47042465209961,16.4292044235188,0.49651625752449,4502.7,3.49361344434572,0,"Parker Tract","Parker Tract","Parker Tract1",NA
64,10,1.55833333333333,1,16.2999992370605,1777.08772016756,1,4.16073989868164,15.2462556496644,0.386224567890167,4502.7,3.49361344434572,0,"Parker Tract","Parker Tract","Parker Tract1",NA
65,10,1.2,1,16,11740.9513674887,1,4.5085620880127,15.5983228648174,0.45248407125473,4502.7,3.49361344434572,0,"Parker Tract","Parker Tract","Parker Tract1",NA
66,10,1.2,1,15.8485670089722,11740.9513674887,1,4.31164741516113,14.8601796528428,0.436624437570572,4502.7,3.49361344434572,0,"Parker Tract","Parker Tract","Parker Tract1",NA
67,10,1.2,1,16,11740.9513674887,1,4.65149021148682,15.2230775780531,0.475712567567825,4502.7,3.49361344434572,0,"Parker Tract","Parker Tract","Parker Tract1",NA
68,10,1.2,1,16.3000011444092,11740.9513674887,1,4.64930009841919,16.4161414462858,0.444916039705276,4502.7,3.49361344434572,0,"Parker Tract","Parker Tract","Parker Tract1",NA
69,10,1.2,1,15.8999996185303,11740.9513674887,1,4.59256982803345,14.2612371126873,0.457991182804108,4502.7,3.49361344434572,0,"Parker Tract","Parker Tract","Parker Tract1",NA
70,10,1.2,1,15.9418687820435,11740.9513674887,1,4.30871391296387,14.8335819834257,0.466534942388535,4502.7,3.49361344434572,0,"Parker Tract","Parker Tract","Parker Tract1",NA
71,10,1.28294117647059,1,16,20465.3106927758,1,4.94337844848633,15.291767723741,0.459700465202332,4502.7,3.49361344434572,0,"Parker Tract","Parker Tract","Parker Tract1",NA
72,10,1.24214285714286,1,16.0196113586426,12470.593759417,1,4.9455099105835,15.4073599357959,0.416193217039108,4502.7,3.49361344434572,0,"Parker Tract","Parker Tract","Parker Tract1",NA
73,10,1.2,1,16.0967464447021,11740.9513674887,1,4.76398372650146,15.1499474638374,0.481078892946243,4502.7,3.49361344434572,0,"Parker Tract","Parker Tract","Parker Tract1",NA
74,10,1.30888888888889,1,16.3127536773682,11804.8424678054,1,4.62235307693481,16.3873592273305,0.51702231168747,4502.7,3.49361344434572,0,"Parker Tract","Parker Tract","Parker Tract1",NA
75,10,1.29111111111111,1,16.0008678436279,19735.6683008475,1,5.03046655654907,15.1737113402384,0.440834820270538,4502.7,3.49361344434572,0,"Parker Tract","Parker Tract","Parker Tract1",NA
76,10,1.26933333333333,1,16.2053909301758,12204.4532738613,1,4.83640956878662,17.1392713754977,0.523777425289154,4502.7,3.49361344434572,0,"Parker Tract","Parker Tract","Parker Tract1",NA
77,10,1.2,1,15.8000001907349,11740.9513674887,1,4.22556924819946,14.7017283490646,0.404148697853088,4502.7,3.49361344434572,0,"Parker Tract","Parker Tract","Parker Tract1",NA
78,10,1.2,1,16.0899219512939,11740.9513674887,1,4.66281843185425,15.0853455918441,0.463793873786926,4502.7,3.49361344434572,0,"Parker Tract","Parker Tract","Parker Tract1",NA
79,10,1.2,1,15.8999996185303,11740.9513674887,1,4.6591420173645,15.0417449041025,0.477322518825531,4502.7,3.49361344434572,0,"Parker Tract","Parker Tract","Parker Tract1",NA
80,10,1.2265,1,16.1063385009766,12544.8331682523,1,4.6968240737915,16.6392987202923,0.422045528888702,4502.7,3.49361344434572,0,"Parker Tract","Parker Tract","Parker Tract1",NA
81,10,1.2,1,15.9336795806885,11740.9513674887,1,4.69636297225952,14.8910093036115,0.446193605661392,4502.7,3.49361344434572,0,"Parker Tract","Parker Tract","Parker Tract1",NA
82,10,1.24214285714286,1,16.1000003814697,12470.593759417,1,4.72184085845947,16.3854257847107,0.45053818821907,4502.7,3.49361344434572,0,"Parker Tract","Parker Tract","Parker Tract1",NA
83,10,1.52666666666667,1,16.2999992370605,1573.78803446117,1,3.70329785346985,14.2727851891143,0.534035265445709,4502.7,3.49361344434572,0,"Parker Tract","Parker Tract","Parker Tract1",NA
84,10,1.2,1,16.3182525634766,11740.9513674887,1,4.93809366226196,15.9866549612061,0.465643614530563,4502.7,3.49361344434572,0,"Parker Tract","Parker Tract","Parker Tract1",NA
85,10,1.355,1,16.2652587890625,8458.21883973138,1,4.97187995910645,16.9348562225923,0.488467931747437,4502.7,3.49361344434572,0,"Parker Tract","Parker Tract","Parker Tract1",NA
86,10,1.2,1,15.8936605453491,11740.9513674887,1,4.72585391998291,15.4238551332347,0.471735507249832,4502.7,3.49361344434572,0,"Parker Tract","Parker Tract","Parker Tract1",NA
87,10,1.24214285714286,1,16,12470.593759417,1,4.98268365859985,15.6152866385016,0.471272349357605,4502.7,3.49361344434572,0,"Parker Tract","Parker Tract","Parker Tract1",NA
88,10,1.2,1,15.8604135513306,11740.9513674887,1,4.47353649139404,14.400107575452,0.4215467274189,4502.7,3.49361344434572,0,"Parker Tract","Parker Tract","Parker Tract1",NA
89,10,1.30888888888889,1,16.2999992370605,13314.7394019499,1,3.9194827079773,14.540973176388,0.439251959323883,4502.7,3.49361344434572,0,"Parker Tract","Parker Tract","Parker Tract1",NA
90,10,1.2,1,15.8787508010864,11740.9513674887,1,4.51922607421875,14.782433793638,0.478906363248825,4502.7,3.49361344434572,0,"Parker Tract","Parker Tract","Parker Tract1",NA
91,10,1.2,1,16.2000026702881,11740.9513674887,1,4.3142991065979,16.111106196117,0.450545817613602,4502.7,3.49361344434572,0,"Parker Tract","Parker Tract","Parker Tract1",NA
92,10,1.2,1,16.1783657073975,11740.9513674887,1,4.70122814178467,16.1935011460235,0.398221015930176,4502.7,3.49361344434572,0,"Parker Tract","Parker Tract","Parker Tract1",NA
93,10,1.2,1,16.30739402771,11740.9513674887,1,4.76926851272583,16.7354997625661,0.413811326026917,4502.7,3.49361344434572,0,"Parker Tract","Parker Tract","Parker Tract1",NA
94,10,1.27375,1,16.076696395874,729.642391928296,1,4.75596809387207,16.0027161701288,0.494382232427597,4502.7,3.49361344434572,0,"Parker Tract","Parker Tract","Parker Tract1",NA
95,10,1.2,1,15.8476228713989,11740.9513674887,1,4.43895530700684,15.6095887618537,0.480264097452164,4502.7,3.49361344434572,0,"Parker Tract","Parker Tract","Parker Tract1",NA
96,10,1.2,1,16.2961673736572,11740.9513674887,1,4.33766031265259,16.8888479410139,0.448355585336685,4502.7,3.49361344434572,0,"Parker Tract","Parker Tract","Parker Tract1",NA
97,10,1.2,1,15.8000268936157,11740.9513674887,1,4.56783723831177,15.533955909178,0.481936156749725,4502.7,3.49361344434572,0,"Parker Tract","Parker Tract","Parker Tract1",NA
98,10,1.2,1,16.0785675048828,11740.9513674887,1,5.10721254348755,15.7204916465429,0.452901661396027,4502.7,3.49361344434572,0,"Parker Tract","Parker Tract","Parker Tract1",NA
99,10,1.27375,1,16,729.642391928296,1,4.81136703491211,16.3119833970043,0.480290144681931,4502.7,3.49361344434572,0,"Parker Tract","Parker Tract","Parker Tract1",NA
100,10,1.2,1,16.3506450653076,11740.9513674887,1,5.20986080169678,16.2797506296459,0.452842354774475,4502.7,3.49361344434572,0,"Parker Tract","Parker Tract","Parker Tract1",NA
101,10,1.2,1,15.9146528244019,11740.9513674887,1,4.68243741989136,15.3389554009114,0.471870392560959,4502.7,3.49361344434572,0,"Parker Tract","Parker Tract","Parker Tract1",NA
102,10,1.2,1,16.2999992370605,11740.9513674887,1,4.175621509552,16.2342303117683,0.509100019931793,4502.7,3.49361344434572,0,"Parker Tract","Parker Tract","Parker Tract1",NA
103,10,1.2,1,15.8999996185303,11740.9513674887,1,4.71146011352539,14.5684564477891,0.446761459112167,4502.7,3.49361344434572,0,"Parker Tract","Parker Tract","Parker Tract1",NA
104,10,1.2,1,15.899998664856,11740.9513674887,1,4.74090576171875,14.3621963410814,0.475332856178284,4502.7,3.49361344434572,0,"Parker Tract","Parker Tract","Parker Tract1",NA
105,10,1.2,1,15.8999996185303,11740.9513674887,1,4.60744524002075,14.4997786711187,0.461344212293625,4502.7,3.49361344434572,0,"Parker Tract","Parker Tract","Parker Tract1",NA
106,10,1.37928571428571,1,16.1256771087646,8814.779539332,1,5.50316715240479,15.611936009099,0.416016042232513,4502.7,3.49361344434572,0,"Parker Tract","Parker Tract","Parker Tract1",NA
107,10,1.2,1,15.9508390426636,11740.9513674887,1,4.46637058258057,15.9475333496984,0.482724845409393,4502.7,3.49361344434572,0,"Parker Tract","Parker Tract","Parker Tract1",NA
108,10,1.37928571428571,1,16.1000022888184,8814.779539332,1,5.11083507537842,15.5229622951826,0.419097632169724,4502.7,3.49361344434572,0,"Parker Tract","Parker Tract","Parker Tract1",NA
109,10,1.32818181818182,1,16.3000011444092,8724.35932528706,1,5.09761905670166,16.273294086611,0.435083657503128,4502.7,3.49361344434572,0,"Parker Tract","Parker Tract","Parker Tract1",NA
110,10,1.47333333333333,0,16.3285236358643,7994.71693335876,1,5.934814453125,15.7989637899573,0.465973764657974,4502.7,3.49361344434572,0,"Parker Tract","Parker Tract","Parker Tract1",NA
111,10,1.2,1,15.8999996185303,11740.9513674887,1,4.57555913925171,14.595515128543,0.478345066308975,4502.7,3.49361344434572,0,"Parker Tract","Parker Tract","Parker Tract1",NA
112,10,1.27941176470588,1,16.2986812591553,8798.59873412235,1,4.90868234634399,16.51430353536,0.442809283733368,4502.7,3.49361344434572,0,"Parker Tract","Parker Tract","Parker Tract1",NA
113,10,1.325,1,15.863543510437,11791.8792414744,1,4.4180326461792,14.2397565359179,0.381315261125565,4502.7,3.49361344434572,0,"Parker Tract","Parker Tract","Parker Tract1",NA
114,10,1.389375,1,16.0581493377686,13657.6729670201,1,3.84432601928711,14.102409930187,0.428015410900116,4502.7,3.49361344434572,0,"Parker Tract","Parker Tract","Parker Tract1",NA
115,10,1.2,1,16.0987529754639,11740.9513674887,1,4.78123760223389,14.8822015514583,0.43213939666748,4502.7,3.49361344434572,0,"Parker Tract","Parker Tract","Parker Tract1",NA
116,10,1.37916666666667,1,16.299108505249,13518.0390876563,1,4.02669286727905,14.9426140026437,0.467792093753815,4502.7,3.49361344434572,0,"Parker Tract","Parker Tract","Parker Tract1",NA
117,10,1.27375,1,16,729.642391928296,1,4.80616807937622,15.8762316018234,0.486468553543091,4502.7,3.49361344434572,0,"Parker Tract","Parker Tract","Parker Tract1",NA
118,10,1.24214285714286,1,16.3835105895996,12470.593759417,1,4.22088670730591,17.1283553116021,0.551054656505585,4502.7,3.49361344434572,0,"Parker Tract","Parker Tract","Parker Tract1",NA
119,10,1.47333333333333,0,16.5,7994.71693335876,1,5.72231721878052,16.1772995361115,0.52078104019165,4502.7,3.49361344434572,0,"Parker Tract","Parker Tract","Parker Tract1",NA
120,10,1.24214285714286,1,16.2924747467041,12470.593759417,1,4.06314325332642,16.9757343189162,0.4850994348526,4502.7,3.49361344434572,0,"Parker Tract","Parker Tract","Parker Tract1",NA
121,10,1.27375,1,16.0128498077393,729.642391928296,1,4.85376596450806,16.4678576923823,0.49157252907753,4502.7,3.49361344434572,0,"Parker Tract","Parker Tract","Parker Tract1",NA
122,10,1.2,1,16.0136585235596,11740.9513674887,1,5.05396413803101,15.081748052373,0.432857066392899,4502.7,3.49361344434572,0,"Parker Tract","Parker Tract","Parker Tract1",NA
123,10,1.2,1,16.0002002716064,11740.9513674887,1,4.92922782897949,15.4414581077447,0.463581591844559,4502.7,3.49361344434572,0,"Parker Tract","Parker Tract","Parker Tract1",NA
124,10,1.24214285714286,1,16.1390113830566,12470.593759417,1,4.49851036071777,16.5930561931196,0.421126037836075,4502.7,3.49361344434572,0,"Parker Tract","Parker Tract","Parker Tract1",NA
125,10,1.2,1,15.9851818084717,11740.9513674887,1,4.76392269134521,14.5913007560336,0.47912460565567,4502.7,3.49361344434572,0,"Parker Tract","Parker Tract","Parker Tract1",NA
126,10,1.2,1,16,11740.9513674887,1,4.439377784729,15.5463055356916,0.433256238698959,4502.7,3.49361344434572,0,"Parker Tract","Parker Tract","Parker Tract1",NA
127,10,1.24214285714286,1,16.18505859375,12470.593759417,1,4.75377893447876,16.7850401980986,0.488681554794312,4502.7,3.49361344434572,0,"Parker Tract","Parker Tract","Parker Tract1",NA
128,10,1.2,1,15.8314142227173,11740.9513674887,1,4.5251784324646,15.0981788271602,0.461890310049057,4502.7,3.49361344434572,0,"Parker Tract","Parker Tract","Parker Tract1",NA
129,10,1.2,1,15.9017505645752,11740.9513674887,1,4.69690942764282,14.6865537059105,0.424654364585876,4502.7,3.49361344434572,0,"Parker Tract","Parker Tract","Parker Tract1",NA
130,10,1.27375,1,16.0623817443848,729.642391928296,1,4.72488021850586,16.033143402311,0.489734888076782,4502.7,3.49361344434572,0,"Parker Tract","Parker Tract","Parker Tract1",NA
131,10,1.52666666666667,1,16.3175086975098,1573.78803446117,1,3.67415285110474,13.6988436453375,0.541815757751465,4502.7,3.49361344434572,0,"Parker Tract","Parker Tract","Parker Tract1",NA
132,10,1.27375,1,16.0817966461182,729.642391928296,1,4.77524423599243,15.8076755092413,0.439551174640656,4502.7,3.49361344434572,0,"Parker Tract","Parker Tract","Parker Tract1",NA
133,10,1.503,1,16.3970031738281,1916.7215995314,1,3.72715139389038,13.0824737854644,0.454807728528976,4502.7,3.49361344434572,0,"Parker Tract","Parker Tract","Parker Tract1",NA
134,10,1.2,1,16.3937473297119,11740.9513674887,1,4.96101665496826,16.2684672187377,0.475674867630005,4502.7,3.49361344434572,0,"Parker Tract","Parker Tract","Parker Tract1",NA
135,10,1.47333333333333,0,16.2153244018555,7994.71693335876,1,5.79147720336914,15.7009157206317,0.4244764149189,4502.7,3.49361344434572,0,"Parker Tract","Parker Tract","Parker Tract1",NA
136,10,1.2,1,16.0999183654785,11740.9513674887,1,4.9060320854187,15.3884526903204,0.473467230796814,4502.7,3.49361344434572,0,"Parker Tract","Parker Tract","Parker Tract1",NA
1,25,1.2,1,16.2667999267578,11740.9513674887,0,4.4995903968811,16.0411801475009,0.459580421447754,4502.7,3.49361344434572,0,"Parker Tract","Parker Tract","Parker Tract1",NA
2,25,1.24214285714286,1,16,12470.593759417,0,4.95912504196167,15.573743016261,0.476463615894318,4502.7,3.49361344434572,0,"Parker Tract","Parker Tract","Parker Tract1",NA
3,25,1.389375,1,15.98805809021,13657.6729670201,0,3.92559266090393,13.9823843793884,0.402237415313721,4502.7,3.49361344434572,0,"Parker Tract","Parker Tract","Parker Tract1",NA
4,25,1.195,1,16.1745109558105,11815.190776324,0,4.72992992401123,16.9227795670579,0.422961413860321,4502.7,3.49361344434572,0,"Parker Tract","Parker Tract","Parker Tract1",NA
5,25,1.503,1,16.2834510803223,1916.7215995314,0,3.7984607219696,13.5944767463815,0.407430171966553,4502.7,3.49361344434572,0,"Parker Tract","Parker Tract","Parker Tract1",NA
6,25,1.2,1,16,11740.9513674887,0,4.7368335723877,15.2039261731505,0.473973125219345,4502.7,3.49361344434572,0,"Parker Tract","Parker Tract","Parker Tract1",NA
7,25,1.2,1,15.9394235610962,11740.9513674887,0,4.58496952056885,15.739368255836,0.470079898834229,4502.7,3.49361344434572,0,"Parker Tract","Parker Tract","Parker Tract1",NA
8,25,1.55833333333333,1,16.2999992370605,1777.08772016756,0,3.6933274269104,14.7671720177837,0.543627619743347,4502.7,3.49361344434572,0,"Parker Tract","Parker Tract","Parker Tract1",NA
9,25,1.27375,1,16,729.642391928296,0,4.85697364807129,15.5649150386628,0.477307975292206,4502.7,3.49361344434572,0,"Parker Tract","Parker Tract","Parker Tract1",NA
10,25,1.24214285714286,1,16.2936897277832,12470.593759417,0,4.80773115158081,16.9980284342245,0.482702940702438,4502.7,3.49361344434572,0,"Parker Tract","Parker Tract","Parker Tract1",NA
11,25,1.2,1,16.0404968261719,11740.9513674887,0,4.94631862640381,14.9746962193672,0.424162209033966,4502.7,3.49361344434572,0,"Parker Tract","Parker Tract","Parker Tract1",NA
12,25,1.2,1,16.1023864746094,11740.9513674887,0,4.89014911651611,15.6332257838965,0.493134260177612,4502.7,3.49361344434572,0,"Parker Tract","Parker Tract","Parker Tract1",NA
13,25,1.47333333333333,0,16.369421005249,7994.71693335876,0,5.54416799545288,16.0005943358746,0.411331564188004,4502.7,3.49361344434572,0,"Parker Tract","Parker Tract","Parker Tract1",NA
14,25,1.2,1,16.2087078094482,11740.9513674887,0,4.62755250930786,15.9029129460662,0.462705314159393,4502.7,3.49361344434572,0,"Parker Tract","Parker Tract","Parker Tract1",NA
15,25,1.24214285714286,1,16.3836669921875,12470.593759417,0,4.47815847396851,17.265617065722,0.549496531486511,4502.7,3.49361344434572,0,"Parker Tract","Parker Tract","Parker Tract1",NA
16,25,1.2,1,15.7999992370605,11740.9513674887,0,4.44849872589111,15.1543957680994,0.476838260889053,4502.7,3.49361344434572,0,"Parker Tract","Parker Tract","Parker Tract1",NA
17,25,1.30888888888889,1,15.899998664856,13314.7394019499,0,4.11224412918091,14.4218037979554,0.407912254333496,4502.7,3.49361344434572,0,"Parker Tract","Parker Tract","Parker Tract1",NA
18,25,1.503,1,16.2999992370605,1916.7215995314,0,3.77476334571838,13.2199309270684,0.396256029605865,4502.7,3.49361344434572,0,"Parker Tract","Parker Tract","Parker Tract1",NA
19,25,1.2,1,16.0898704528809,11740.9513674887,0,4.1992769241333,15.8212815999993,0.474980503320694,4502.7,3.49361344434572,0,"Parker Tract","Parker Tract","Parker Tract1",NA
20,25,1.30888888888889,1,15.9997940063477,13314.7394019499,0,4.35648918151855,15.0068049523428,0.486376821994781,4502.7,3.49361344434572,0,"Parker Tract","Parker Tract","Parker Tract1",NA
21,25,1.37153846153846,1,16.0154838562012,13365.6672759356,0,4.44075012207031,13.820777715851,0.411654740571976,4502.7,3.49361344434572,0,"Parker Tract","Parker Tract","Parker Tract1",NA
22,25,1.2,1,16.0556926727295,11740.9513674887,0,4.694251537323,15.4934345847021,0.47324737906456,4502.7,3.49361344434572,0,"Parker Tract","Parker Tract","Parker Tract1",NA
23,25,1.37916666666667,1,16.1269454956055,13518.0390876563,0,4.19200086593628,15.6058860043963,0.455134183168411,4502.7,3.49361344434572,0,"Parker Tract","Parker Tract","Parker Tract1",NA
24,25,1.2,1,16.0383110046387,11740.9513674887,0,4.41436386108398,15.6949789337844,0.427453935146332,4502.7,3.49361344434572,0,"Parker Tract","Parker Tract","Parker Tract1",NA
25,25,1.2,1,15.9020738601685,11740.9513674887,0,4.66668653488159,14.7219633717285,0.467267483472824,4502.7,3.49361344434572,0,"Parker Tract","Parker Tract","Parker Tract1",NA
26,25,1.2,1,15.9520864486694,11740.9513674887,0,4.64481163024902,14.8368399761809,0.45019257068634,4502.7,3.49361344434572,0,"Parker Tract","Parker Tract","Parker Tract1",NA
27,25,1.2,1,16.039270401001,11740.9513674887,0,4.41764116287231,15.9242294418302,0.473438769578934,4502.7,3.49361344434572,0,"Parker Tract","Parker Tract","Parker Tract1",NA
28,25,1.503,1,16.3212661743164,1916.7215995314,0,3.78905034065247,13.5575428093915,0.42824575304985,4502.7,3.49361344434572,0,"Parker Tract","Parker Tract","Parker Tract1",NA
29,25,1.2,1,16,11740.9513674887,0,4.70104122161865,15.2259585178258,0.471958667039871,4502.7,3.49361344434572,0,"Parker Tract","Parker Tract","Parker Tract1",NA
30,25,1.2,1,16.0926380157471,11740.9513674887,0,4.74886035919189,14.7781842366848,0.48063051700592,4502.7,3.49361344434572,0,"Parker Tract","Parker Tract","Parker Tract1",NA
31,25,1.2,1,15.8857088088989,11740.9513674887,0,4.42831182479858,14.0502908842133,0.411655455827713,4502.7,3.49361344434572,0,"Parker Tract","Parker Tract","Parker Tract1",NA
32,25,1.24214285714286,1,16.1000003814697,12470.593759417,0,4.6293215751648,16.4494940590609,0.455648362636566,4502.7,3.49361344434572,0,"Parker Tract","Parker Tract","Parker Tract1",NA
33,25,1.30888888888889,1,16.0296745300293,13314.7394019499,0,3.96646237373352,14.5248262099969,0.457922726869583,4502.7,3.49361344434572,0,"Parker Tract","Parker Tract","Parker Tract1",NA
34,25,1.27375,1,16.1522197723389,729.642391928296,0,4.82513570785522,16.7533189951402,0.49324631690979,4502.7,3.49361344434572,0,"Parker Tract","Parker Tract","Parker Tract1",NA
35,25,1.2,1,15.9000282287598,11740.9513674887,0,4.51613759994507,14.1572683972891,0.447652965784073,4502.7,3.49361344434572,0,"Parker Tract","Parker Tract","Parker Tract1",NA
36,25,1.2,1,16.2999992370605,11740.9513674887,0,4.27304792404175,16.3821231811501,0.475626021623611,4502.7,3.49361344434572,0,"Parker Tract","Parker Tract","Parker Tract1",NA
37,25,1.30888888888889,1,16.3900661468506,11804.8424678054,0,5.10329866409302,16.6019770098932,0.522494971752167,4502.7,3.49361344434572,0,"Parker Tract","Parker Tract","Parker Tract1",NA
38,25,1.32818181818182,1,16.2379741668701,8724.35932528706,0,4.90096664428711,15.9793605072019,0.465936303138733,4502.7,3.49361344434572,0,"Parker Tract","Parker Tract","Parker Tract1",NA
39,25,1.2,1,16.1000003814697,11740.9513674887,0,4.82435846328735,15.2465517747283,0.481954425573349,4502.7,3.49361344434572,0,"Parker Tract","Parker Tract","Parker Tract1",NA
40,25,1.503,1,16.1237335205078,1916.7215995314,0,3.90838575363159,13.5169205958447,0.396517008543015,4502.7,3.49361344434572,0,"Parker Tract","Parker Tract","Parker Tract1",NA
41,25,1.2,1,16.2641296386719,11740.9513674887,0,4.26071691513062,16.1091557626455,0.478017210960388,4502.7,3.49361344434572,0,"Parker Tract","Parker Tract","Parker Tract1",NA
42,25,1.325,1,15.8799390792847,11791.8792414744,0,4.46842336654663,13.9433219799199,0.405558288097382,4502.7,3.49361344434572,0,"Parker Tract","Parker Tract","Parker Tract1",NA
43,25,1.32222222222222,1,16.2000007629395,12130.213865026,0,4.73795461654663,17.3515178750165,0.537496030330658,4502.7,3.49361344434572,0,"Parker Tract","Parker Tract","Parker Tract1",NA
44,25,1.325,1,15.8203077316284,11791.8792414744,0,4.40892744064331,14.5185386189411,0.4005928337574,4502.7,3.49361344434572,0,"Parker Tract","Parker Tract","Parker Tract1",NA
45,25,1.2,1,15.9755687713623,11740.9513674887,0,4.70738363265991,15.0285882851798,0.475912898778915,4502.7,3.49361344434572,0,"Parker Tract","Parker Tract","Parker Tract1",NA
46,25,1.24214285714286,1,16.0488166809082,12470.593759417,0,4.77820205688477,16.5574739573046,0.485491573810577,4502.7,3.49361344434572,0,"Parker Tract","Parker Tract","Parker Tract1",NA
47,25,1.2,1,16.1000003814697,11740.9513674887,0,4.80416679382324,15.5538923053763,0.48062339425087,4502.7,3.49361344434572,0,"Parker Tract","Parker Tract","Parker Tract1",NA
48,25,1.503,1,16.2999992370605,1916.7215995314,0,3.86542463302612,14.0358988257389,0.446979284286499,4502.7,3.49361344434572,0,"Parker Tract","Parker Tract","Parker Tract1",NA
49,25,1.2,1,15.9605808258057,11740.9513674887,0,4.39071178436279,15.2344268442787,0.480853170156479,4502.7,3.49361344434572,0,"Parker Tract","Parker Tract","Parker Tract1",NA
50,25,1.325,1,15.7999992370605,11791.8792414744,0,4.31588077545166,14.2797152429655,0.382454127073288,4502.7,3.49361344434572,0,"Parker Tract","Parker Tract","Parker Tract1",NA
51,25,1.2,1,16.2548332214355,11740.9513674887,0,5.09963989257812,15.9344040931392,0.45572155714035,4502.7,3.49361344434572,0,"Parker Tract","Parker Tract","Parker Tract1",NA
52,25,1.355,1,16.2999992370605,8458.21883973138,0,5.1051778793335,16.7223193499785,0.493444591760635,4502.7,3.49361344434572,0,"Parker Tract","Parker Tract","Parker Tract1",NA
53,25,1.24214285714286,1,16.0285701751709,12470.593759417,0,4.86912107467651,16.0351674280074,0.480734825134277,4502.7,3.49361344434572,0,"Parker Tract","Parker Tract","Parker Tract1",NA
54,25,1.23785714285714,1,16.1679401397705,803.881800763582,0,4.78061771392822,16.2663820509744,0.497790634632111,4502.7,3.49361344434572,0,"Parker Tract","Parker Tract","Parker Tract1",NA
55,25,1.2,1,16.0004539489746,11740.9513674887,0,4.72920036315918,14.6983217651095,0.473106563091278,4502.7,3.49361344434572,0,"Parker Tract","Parker Tract","Parker Tract1",NA
56,25,1.2,1,16,11740.9513674887,0,4.33870935440063,15.4448322325954,0.468306422233582,4502.7,3.49361344434572,0,"Parker Tract","Parker Tract","Parker Tract1",NA
57,25,1.2,1,16.2318325042725,11740.9513674887,0,4.43010091781616,15.9678063160334,0.463105142116547,4502.7,3.49361344434572,0,"Parker Tract","Parker Tract","Parker Tract1",NA
58,25,1.2,1,15.9252138137817,11740.9513674887,0,4.7191686630249,14.9248482101542,0.475277751684189,4502.7,3.49361344434572,0,"Parker Tract","Parker Tract","Parker Tract1",NA
59,25,1.2,1,15.8999996185303,11740.9513674887,0,4.77359676361084,14.4812704595553,0.473291844129562,4502.7,3.49361344434572,0,"Parker Tract","Parker Tract","Parker Tract1",NA
60,25,1.33,1,16.1394176483154,11944.2510531951,0,4.35772895812988,15.2209604574135,0.475304931402206,4502.7,3.49361344434572,0,"Parker Tract","Parker Tract","Parker Tract1",NA
61,25,1.24214285714286,1,16.0602111816406,12470.593759417,0,4.85169219970703,15.8828763838626,0.456421703100204,4502.7,3.49361344434572,0,"Parker Tract","Parker Tract","Parker Tract1",NA
62,25,1.24214285714286,1,16,12470.593759417,0,5.09414196014404,15.472162244041,0.473593920469284,4502.7,3.49361344434572,0,"Parker Tract","Parker Tract","Parker Tract1",NA
63,25,1.47333333333333,0,16.3947601318359,7994.71693335876,0,5.47042465209961,16.4292044235188,0.49651625752449,4502.7,3.49361344434572,0,"Parker Tract","Parker Tract","Parker Tract1",NA
64,25,1.55833333333333,1,16.2999992370605,1777.08772016756,0,4.16073989868164,15.2462556496644,0.386224567890167,4502.7,3.49361344434572,0,"Parker Tract","Parker Tract","Parker Tract1",NA
65,25,1.2,1,16,11740.9513674887,0,4.5085620880127,15.5983228648174,0.45248407125473,4502.7,3.49361344434572,0,"Parker Tract","Parker Tract","Parker Tract1",NA
66,25,1.2,1,15.8485670089722,11740.9513674887,0,4.31164741516113,14.8601796528428,0.436624437570572,4502.7,3.49361344434572,0,"Parker Tract","Parker Tract","Parker Tract1",NA
67,25,1.2,1,16,11740.9513674887,0,4.65149021148682,15.2230775780531,0.475712567567825,4502.7,3.49361344434572,0,"Parker Tract","Parker Tract","Parker Tract1",NA
68,25,1.2,1,16.3000011444092,11740.9513674887,0,4.64930009841919,16.4161414462858,0.444916039705276,4502.7,3.49361344434572,0,"Parker Tract","Parker Tract","Parker Tract1",NA
69,25,1.2,1,15.8999996185303,11740.9513674887,0,4.59256982803345,14.2612371126873,0.457991182804108,4502.7,3.49361344434572,0,"Parker Tract","Parker Tract","Parker Tract1",NA
70,25,1.2,1,15.9418687820435,11740.9513674887,0,4.30871391296387,14.8335819834257,0.466534942388535,4502.7,3.49361344434572,0,"Parker Tract","Parker Tract","Parker Tract1",NA
71,25,1.28294117647059,1,16,20465.3106927758,0,4.94337844848633,15.291767723741,0.459700465202332,4502.7,3.49361344434572,0,"Parker Tract","Parker Tract","Parker Tract1",NA
72,25,1.24214285714286,1,16.0196113586426,12470.593759417,0,4.9455099105835,15.4073599357959,0.416193217039108,4502.7,3.49361344434572,0,"Parker Tract","Parker Tract","Parker Tract1",NA
73,25,1.2,1,16.0967464447021,11740.9513674887,0,4.76398372650146,15.1499474638374,0.481078892946243,4502.7,3.49361344434572,0,"Parker Tract","Parker Tract","Parker Tract1",NA
74,25,1.30888888888889,1,16.3127536773682,11804.8424678054,0,4.62235307693481,16.3873592273305,0.51702231168747,4502.7,3.49361344434572,0,"Parker Tract","Parker Tract","Parker Tract1",NA
75,25,1.29111111111111,1,16.0008678436279,19735.6683008475,0,5.03046655654907,15.1737113402384,0.440834820270538,4502.7,3.49361344434572,0,"Parker Tract","Parker Tract","Parker Tract1",NA
76,25,1.26933333333333,1,16.2053909301758,12204.4532738613,0,4.83640956878662,17.1392713754977,0.523777425289154,4502.7,3.49361344434572,0,"Parker Tract","Parker Tract","Parker Tract1",NA
77,25,1.2,1,15.8000001907349,11740.9513674887,0,4.22556924819946,14.7017283490646,0.404148697853088,4502.7,3.49361344434572,0,"Parker Tract","Parker Tract","Parker Tract1",NA
78,25,1.2,1,16.0899219512939,11740.9513674887,0,4.66281843185425,15.0853455918441,0.463793873786926,4502.7,3.49361344434572,0,"Parker Tract","Parker Tract","Parker Tract1",NA
79,25,1.2,1,15.8999996185303,11740.9513674887,0,4.6591420173645,15.0417449041025,0.477322518825531,4502.7,3.49361344434572,0,"Parker Tract","Parker Tract","Parker Tract1",NA
80,25,1.2265,1,16.1063385009766,12544.8331682523,0,4.6968240737915,16.6392987202923,0.422045528888702,4502.7,3.49361344434572,0,"Parker Tract","Parker Tract","Parker Tract1",NA
81,25,1.2,1,15.9336795806885,11740.9513674887,0,4.69636297225952,14.8910093036115,0.446193605661392,4502.7,3.49361344434572,0,"Parker Tract","Parker Tract","Parker Tract1",NA
82,25,1.24214285714286,1,16.1000003814697,12470.593759417,0,4.72184085845947,16.3854257847107,0.45053818821907,4502.7,3.49361344434572,0,"Parker Tract","Parker Tract","Parker Tract1",NA
83,25,1.52666666666667,1,16.2999992370605,1573.78803446117,0,3.70329785346985,14.2727851891143,0.534035265445709,4502.7,3.49361344434572,0,"Parker Tract","Parker Tract","Parker Tract1",NA
84,25,1.2,1,16.3182525634766,11740.9513674887,0,4.93809366226196,15.9866549612061,0.465643614530563,4502.7,3.49361344434572,0,"Parker Tract","Parker Tract","Parker Tract1",NA
85,25,1.355,1,16.2652587890625,8458.21883973138,0,4.97187995910645,16.9348562225923,0.488467931747437,4502.7,3.49361344434572,0,"Parker Tract","Parker Tract","Parker Tract1",NA
86,25,1.2,1,15.8936605453491,11740.9513674887,0,4.72585391998291,15.4238551332347,0.471735507249832,4502.7,3.49361344434572,0,"Parker Tract","Parker Tract","Parker Tract1",NA
87,25,1.24214285714286,1,16,12470.593759417,0,4.98268365859985,15.6152866385016,0.471272349357605,4502.7,3.49361344434572,0,"Parker Tract","Parker Tract","Parker Tract1",NA
88,25,1.2,1,15.8604135513306,11740.9513674887,0,4.47353649139404,14.400107575452,0.4215467274189,4502.7,3.49361344434572,0,"Parker Tract","Parker Tract","Parker Tract1",NA
89,25,1.30888888888889,1,16.2999992370605,13314.7394019499,0,3.9194827079773,14.540973176388,0.439251959323883,4502.7,3.49361344434572,0,"Parker Tract","Parker Tract","Parker Tract1",NA
90,25,1.2,1,15.8787508010864,11740.9513674887,0,4.51922607421875,14.782433793638,0.478906363248825,4502.7,3.49361344434572,0,"Parker Tract","Parker Tract","Parker Tract1",NA
91,25,1.2,1,16.2000026702881,11740.9513674887,0,4.3142991065979,16.111106196117,0.450545817613602,4502.7,3.49361344434572,0,"Parker Tract","Parker Tract","Parker Tract1",NA
92,25,1.2,1,16.1783657073975,11740.9513674887,0,4.70122814178467,16.1935011460235,0.398221015930176,4502.7,3.49361344434572,0,"Parker Tract","Parker Tract","Parker Tract1",NA
93,25,1.2,1,16.30739402771,11740.9513674887,0,4.76926851272583,16.7354997625661,0.413811326026917,4502.7,3.49361344434572,0,"Parker Tract","Parker Tract","Parker Tract1",NA
94,25,1.27375,1,16.076696395874,729.642391928296,0,4.75596809387207,16.0027161701288,0.494382232427597,4502.7,3.49361344434572,0,"Parker Tract","Parker Tract","Parker Tract1",NA
95,25,1.2,1,15.8476228713989,11740.9513674887,0,4.43895530700684,15.6095887618537,0.480264097452164,4502.7,3.49361344434572,0,"Parker Tract","Parker Tract","Parker Tract1",NA
96,25,1.2,1,16.2961673736572,11740.9513674887,0,4.33766031265259,16.8888479410139,0.448355585336685,4502.7,3.49361344434572,0,"Parker Tract","Parker Tract","Parker Tract1",NA
97,25,1.2,1,15.8000268936157,11740.9513674887,0,4.56783723831177,15.533955909178,0.481936156749725,4502.7,3.49361344434572,0,"Parker Tract","Parker Tract","Parker Tract1",NA
98,25,1.2,1,16.0785675048828,11740.9513674887,0,5.10721254348755,15.7204916465429,0.452901661396027,4502.7,3.49361344434572,0,"Parker Tract","Parker Tract","Parker Tract1",NA
99,25,1.27375,1,16,729.642391928296,0,4.81136703491211,16.3119833970043,0.480290144681931,4502.7,3.49361344434572,0,"Parker Tract","Parker Tract","Parker Tract1",NA
100,25,1.2,1,16.3506450653076,11740.9513674887,0,5.20986080169678,16.2797506296459,0.452842354774475,4502.7,3.49361344434572,0,"Parker Tract","Parker Tract","Parker Tract1",NA
101,25,1.2,1,15.9146528244019,11740.9513674887,0,4.68243741989136,15.3389554009114,0.471870392560959,4502.7,3.49361344434572,0,"Parker Tract","Parker Tract","Parker Tract1",NA
102,25,1.2,1,16.2999992370605,11740.9513674887,0,4.175621509552,16.2342303117683,0.509100019931793,4502.7,3.49361344434572,0,"Parker Tract","Parker Tract","Parker Tract1",NA
103,25,1.2,1,15.8999996185303,11740.9513674887,0,4.71146011352539,14.5684564477891,0.446761459112167,4502.7,3.49361344434572,0,"Parker Tract","Parker Tract","Parker Tract1",NA
104,25,1.2,1,15.899998664856,11740.9513674887,0,4.74090576171875,14.3621963410814,0.475332856178284,4502.7,3.49361344434572,0,"Parker Tract","Parker Tract","Parker Tract1",NA
105,25,1.2,1,15.8999996185303,11740.9513674887,0,4.60744524002075,14.4997786711187,0.461344212293625,4502.7,3.49361344434572,0,"Parker Tract","Parker Tract","Parker Tract1",NA
106,25,1.37928571428571,1,16.1256771087646,8814.779539332,0,5.50316715240479,15.611936009099,0.416016042232513,4502.7,3.49361344434572,0,"Parker Tract","Parker Tract","Parker Tract1",NA
107,25,1.2,1,15.9508390426636,11740.9513674887,0,4.46637058258057,15.9475333496984,0.482724845409393,4502.7,3.49361344434572,0,"Parker Tract","Parker Tract","Parker Tract1",NA
108,25,1.37928571428571,1,16.1000022888184,8814.779539332,0,5.11083507537842,15.5229622951826,0.419097632169724,4502.7,3.49361344434572,0,"Parker Tract","Parker Tract","Parker Tract1",NA
109,25,1.32818181818182,1,16.3000011444092,8724.35932528706,0,5.09761905670166,16.273294086611,0.435083657503128,4502.7,3.49361344434572,0,"Parker Tract","Parker Tract","Parker Tract1",NA
110,25,1.47333333333333,0,16.3285236358643,7994.71693335876,0,5.934814453125,15.7989637899573,0.465973764657974,4502.7,3.49361344434572,0,"Parker Tract","Parker Tract","Parker Tract1",NA
111,25,1.2,1,15.8999996185303,11740.9513674887,0,4.57555913925171,14.595515128543,0.478345066308975,4502.7,3.49361344434572,0,"Parker Tract","Parker Tract","Parker Tract1",NA
112,25,1.27941176470588,1,16.2986812591553,8798.59873412235,0,4.90868234634399,16.51430353536,0.442809283733368,4502.7,3.49361344434572,0,"Parker Tract","Parker Tract","Parker Tract1",NA
113,25,1.325,1,15.863543510437,11791.8792414744,0,4.4180326461792,14.2397565359179,0.381315261125565,4502.7,3.49361344434572,0,"Parker Tract","Parker Tract","Parker Tract1",NA
114,25,1.389375,1,16.0581493377686,13657.6729670201,0,3.84432601928711,14.102409930187,0.428015410900116,4502.7,3.49361344434572,0,"Parker Tract","Parker Tract","Parker Tract1",NA
115,25,1.2,1,16.0987529754639,11740.9513674887,0,4.78123760223389,14.8822015514583,0.43213939666748,4502.7,3.49361344434572,0,"Parker Tract","Parker Tract","Parker Tract1",NA
116,25,1.37916666666667,1,16.299108505249,13518.0390876563,0,4.02669286727905,14.9426140026437,0.467792093753815,4502.7,3.49361344434572,0,"Parker Tract","Parker Tract","Parker Tract1",NA
117,25,1.27375,1,16,729.642391928296,0,4.80616807937622,15.8762316018234,0.486468553543091,4502.7,3.49361344434572,0,"Parker Tract","Parker Tract","Parker Tract1",NA
118,25,1.24214285714286,1,16.3835105895996,12470.593759417,0,4.22088670730591,17.1283553116021,0.551054656505585,4502.7,3.49361344434572,0,"Parker Tract","Parker Tract","Parker Tract1",NA
119,25,1.47333333333333,0,16.5,7994.71693335876,0,5.72231721878052,16.1772995361115,0.52078104019165,4502.7,3.49361344434572,0,"Parker Tract","Parker Tract","Parker Tract1",NA
120,25,1.24214285714286,1,16.2924747467041,12470.593759417,0,4.06314325332642,16.9757343189162,0.4850994348526,4502.7,3.49361344434572,0,"Parker Tract","Parker Tract","Parker Tract1",NA
121,25,1.27375,1,16.0128498077393,729.642391928296,0,4.85376596450806,16.4678576923823,0.49157252907753,4502.7,3.49361344434572,0,"Parker Tract","Parker Tract","Parker Tract1",NA
122,25,1.2,1,16.0136585235596,11740.9513674887,0,5.05396413803101,15.081748052373,0.432857066392899,4502.7,3.49361344434572,0,"Parker Tract","Parker Tract","Parker Tract1",NA
123,25,1.2,1,16.0002002716064,11740.9513674887,0,4.92922782897949,15.4414581077447,0.463581591844559,4502.7,3.49361344434572,0,"Parker Tract","Parker Tract","Parker Tract1",NA
124,25,1.24214285714286,1,16.1390113830566,12470.593759417,0,4.49851036071777,16.5930561931196,0.421126037836075,4502.7,3.49361344434572,0,"Parker Tract","Parker Tract","Parker Tract1",NA
125,25,1.2,1,15.9851818084717,11740.9513674887,0,4.76392269134521,14.5913007560336,0.47912460565567,4502.7,3.49361344434572,0,"Parker Tract","Parker Tract","Parker Tract1",NA
126,25,1.2,1,16,11740.9513674887,0,4.439377784729,15.5463055356916,0.433256238698959,4502.7,3.49361344434572,0,"Parker Tract","Parker Tract","Parker Tract1",NA
127,25,1.24214285714286,1,16.18505859375,12470.593759417,0,4.75377893447876,16.7850401980986,0.488681554794312,4502.7,3.49361344434572,0,"Parker Tract","Parker Tract","Parker Tract1",NA
128,25,1.2,1,15.8314142227173,11740.9513674887,0,4.5251784324646,15.0981788271602,0.461890310049057,4502.7,3.49361344434572,0,"Parker Tract","Parker Tract","Parker Tract1",NA
129,25,1.2,1,15.9017505645752,11740.9513674887,0,4.69690942764282,14.6865537059105,0.424654364585876,4502.7,3.49361344434572,0,"Parker Tract","Parker Tract","Parker Tract1",NA
130,25,1.27375,1,16.0623817443848,729.642391928296,0,4.72488021850586,16.033143402311,0.489734888076782,4502.7,3.49361344434572,0,"Parker Tract","Parker Tract","Parker Tract1",NA
131,25,1.52666666666667,1,16.3175086975098,1573.78803446117,0,3.67415285110474,13.6988436453375,0.541815757751465,4502.7,3.49361344434572,0,"Parker Tract","Parker Tract","Parker Tract1",NA
132,25,1.27375,1,16.0817966461182,729.642391928296,0,4.77524423599243,15.8076755092413,0.439551174640656,4502.7,3.49361344434572,0,"Parker Tract","Parker Tract","Parker Tract1",NA
133,25,1.503,1,16.3970031738281,1916.7215995314,0,3.72715139389038,13.0824737854644,0.454807728528976,4502.7,3.49361344434572,0,"Parker Tract","Parker Tract","Parker Tract1",NA
134,25,1.2,1,16.3937473297119,11740.9513674887,0,4.96101665496826,16.2684672187377,0.475674867630005,4502.7,3.49361344434572,0,"Parker Tract","Parker Tract","Parker Tract1",NA
135,25,1.47333333333333,0,16.2153244018555,7994.71693335876,0,5.79147720336914,15.7009157206317,0.4244764149189,4502.7,3.49361344434572,0,"Parker Tract","Parker Tract","Parker Tract1",NA
136,25,1.2,1,16.0999183654785,11740.9513674887,0,4.9060320854187,15.3884526903204,0.473467230796814,4502.7,3.49361344434572,0,"Parker Tract","Parker Tract","Parker Tract1",NA
