Soil Moisture (v/v),Soil Temperature (C),CH4 (nmol m-2 s-1)
0.278,31.4,5.04
0.292,27.8,5.026
0,27.8,2.966
0.061,28.9,2.801
0.404,25.9,2.446
0.149,37.4,2.323
0.39,26.4,2.04
0.404,17.5,2.021
,36,1.866
0.064,29.5,1.657
0.219,25.9,1.633
0.393,33.8,1.49
0.283,32.7,1.476
0.24,34.6,1.273
0.42,17.2,1.258
0.418,17,1.257
0,34.2,1.254
0.252,27.8,1.181
0.408,30.1,1.156
0.029,35.7,1.011
0.356,27.8,0.914
0.336,29.8,0.91
0.067,34.2,0.888
0,36.5,0.848
0.295,25.4,0.814
0.097,19.3,0.665
0.099,18.9,0.521
0.132,26.2,0.491
0.376,17,0.485
0.06,36.1,0.452
0.273,27.5,0.431
0.098,38.7,0.395
0.394,16.2,0.383
,37.8,0.345
0.052,34.9,0.331
0.083,33.4,0.309
0.171,38.2,0.284
0,34.2,0.202
0.487,17.5,0.201
0.263,17.3,0.151
0.079,33.4,0.096
0.259,27.2,0.062
0.215,29.7,0.05
0.077,34.9,0.044
0.396,18,0.011
0.046,18.8,0.005
0.402,28.9,0.004
0.218,28.6,0
0,27.8,0
0.133,27.5,0
0.226,19.3,0
0.243,17.5,-0.002
0.418,17.5,-0.01
0.262,30.4,-0.021
0.253,17.7,-0.025
0.017,19.1,-0.029
0.282,16.3,-0.032
0.347,16.8,-0.033
0.113,23.9,-0.04
0.019,19.5,-0.047
0.334,19.5,-0.048
0.355,19.1,-0.052
0.343,18.9,-0.055
0.455,26.4,-0.055
0.253,20.1,-0.055
0.212,26.9,-0.057
0.259,31.4,-0.063
0.099,33.4,-0.069
0.349,18,-0.073
0.385,26.7,-0.074
0.111,39.6,-0.075
0.111,23.7,-0.083
0.142,27.8,-0.084
0.249,22.8,-0.084
0.086,20.1,-0.085
0.159,27.8,-0.085
0.234,24.9,-0.089
0.247,22.6,-0.09
0.307,17.3,-0.093
0.015,21.1,-0.099
0.195,25.6,-0.1
0.373,19.3,-0.103
0.228,26,-0.112
0.341,29.5,-0.119
0.197,24.9,-0.119
0.405,17.7,-0.127
0.268,19.5,-0.127
0.298,29.8,-0.129
0.204,27.2,-0.133
0.339,19.1,-0.135
0.208,26.9,-0.137
0.399,20.5,-0.137
0.369,17.9,-0.14
0.062,18.9,-0.145
0,25.6,-0.145
0.258,29.2,-0.146
0.316,19.1,-0.147
0.299,28.3,-0.149
0.262,19.3,-0.149
0.392,17.2,-0.151
0.296,16,-0.159
0.282,25.4,-0.163
0.102,28,-0.169
,35.3,-0.17
0.053,38.2,-0.174
0,26.7,-0.176
0.039,34.9,-0.178
0.127,32.1,-0.178
0.39,25.6,-0.178
0.359,17.9,-0.188
0.21,27.8,-0.193
0.336,17.9,-0.194
0.397,26.9,-0.197
0.359,18.8,-0.21
0,26.7,-0.21
0.043,36.1,-0.211
0.096,26.2,-0.211
0.377,17.3,-0.212
0.012,18.9,-0.214
0.391,16.8,-0.216
0.374,29.8,-0.218
0.385,16.8,-0.221
0.282,20.3,-0.227
0.362,17.7,-0.235
0.36,32.1,-0.242
0.288,23,-0.242
0.133,18.8,-0.243
0.388,20.7,-0.244
0.01,17.3,-0.255
0.105,29.5,-0.256
0.093,37.4,-0.264
0.365,16.7,-0.265
0.292,26.4,-0.266
,18.2,-0.272
0.116,24.2,-0.273
0.382,18.2,-0.28
0.349,27.2,-0.282
,27.5,-0.283
0.07,37.8,-0.285
0.422,20.5,-0.286
0.297,19.9,-0.291
0.38,26.2,-0.292
0.156,26.7,-0.299
0.228,28.9,-0.301
,27.5,-0.31
0.358,18.9,-0.312
0.257,16.2,-0.322
0.26,26.9,-0.328
0.407,25.9,-0.329
0.376,17.5,-0.332
0.156,26.9,-0.345
0.155,34.2,-0.345
0.071,26.7,-0.347
0.174,27.2,-0.35
0.233,26.9,-0.36
0.272,31.4,-0.364
0.313,16.8,-0.367
0.177,30.4,-0.377
0.243,21.3,-0.377
0.319,31.4,-0.378
0.017,17.5,-0.388
0,33.1,-0.389
0.054,35.9,-0.392
0.372,21.3,-0.392
0.006,28.9,-0.398
0.01,28.9,-0.408
0,27.2,-0.416
0.382,24.9,-0.426
0.317,19.3,-0.435
0.373,20.5,-0.436
0.26,19.5,-0.448
0.141,34.9,-0.45
0.011,35.3,-0.456
0.381,24.1,-0.458
0.322,28,-0.461
0.343,29,-0.468
0.011,35.7,-0.47
0.011,34.6,-0.479
0.008,36.1,-0.491
0.238,30.4,-0.493
0,17.9,-0.498
0.389,17.7,-0.501
0.042,35.4,-0.514
0.307,16.3,-0.53
0.238,22.4,-0.542
0.227,30.4,-0.557
0.026,34.6,-0.567
0.188,25.6,-0.569
0.395,19.1,-0.578
0.261,27.8,-0.579
0,38.2,-0.586
0,33.4,-0.6
0.159,18.9,-0.603
0.11,28.3,-0.618
0.232,28.6,-0.635
0.207,28.6,-0.637
0.225,19.5,-0.648
0.257,29.8,-0.653
0.381,18.2,-0.66
0.079,22.4,-0.665
0.213,20.9,-0.671
0.329,19.3,-0.693
0.073,30.7,-0.696
0.293,28.6,-0.712
0.141,34.9,-0.715
0.39,19.1,-0.716
0.28,18.8,-0.724
0.288,20.1,-0.735
0.309,27.5,-0.738
0.069,30.4,-0.739
0.207,19.7,-0.749
0.127,18,-0.75
0.197,27.9,-0.758
0.269,27.5,-0.79
0.218,28.6,-0.796
0.099,38.7,-0.81
0.146,33.8,-0.818
0.279,20.1,-0.831
0.232,37.8,-0.834
0.124,38.2,-0.835
0.353,26.9,-0.851
0.241,24.2,-0.867
,39.6,-0.867
0.114,37.8,-0.871
,27.8,-0.891
0.336,30.1,-0.894
0.233,37.8,-0.896
0.187,26.9,-0.903
0.366,17.9,-0.905
0.173,28.6,-0.909
0.243,30.1,-0.93
0.224,16,-0.956
,30.5,-0.96
0.012,36.5,-0.961
0,20.5,-0.968
0.226,28.7,-0.978
0.362,20.9,-0.986
0.105,34.9,-0.988
0,21.9,-0.991
0.401,32.7,-0.992
0.221,28.9,-1.016
0.072,28.6,-1.02
0.321,21.3,-1.039
0.136,28,-1.043
0.03,16.5,-1.06
0.131,36.5,-1.067
0.008,17.9,-1.092
0.076,36.1,-1.107
0.256,17.7,-1.112
0.274,17.3,-1.154
0.001,36.1,-1.158
0.055,27.8,-1.162
0.107,32.7,-1.175
0.234,28,-1.175
0.162,31.1,-1.18
,25.6,-1.189
0.311,27.5,-1.19
0,36.9,-1.207
0.064,37.8,-1.241
0.178,31.7,-1.276
0.154,25.1,-1.302
0.195,38.2,-1.309
0.236,34.6,-1.322
0.058,20.3,-1.325
,25.1,-1.359
0.068,28,-1.382
0.126,29.5,-1.387
0.103,36.9,-1.388
0.222,37.8,-1.437
0.252,16.5,-1.444
0.348,30.1,-1.497
0.33,20.7,-1.532
0.261,37.4,-1.534
,33,-1.569
,35.3,-1.644
0.346,31.4,-1.688
0.392,18.9,-1.784
0.159,30.1,-1.891
0.126,30.4,-1.915
0.198,27.8,-1.973
0.099,31.1,-2.123
0.175,30.7,-2.224
0.252,32.7,-2.33
,24.1,-2.376
0.254,29.2,-2.929
0.078,35.7,-3.296
0,28.3,-3.4
0.235,29.2,-4.791