,,
Date,Depth to GW (ft),GW Elevation (ft)
1/1/15,2.921,12.04
1/2/15,2.909,12.05
1/3/15,2.956,12
1/4/15,2.967,11.99
1/5/15,2.92,12.04
1/6/15,2.945,12.01
1/6/15,2.93,12.03
1/7/15,2.922,12.03
1/8/15,2.993,11.96
1/9/15,2.985,11.97
1/10/15,3.014,11.94
1/11/15,3.051,11.9
1/12/15,3.055,11.9
1/13/15,2.811,12.14
1/14/15,2.713,12.24
1/15/15,2.689,12.27
1/16/15,2.698,12.26
1/17/15,2.761,12.2
1/18/15,2.771,12.18
1/19/15,2.736,12.22
1/20/15,2.732,12.22
1/21/15,2.758,12.2
1/22/15,2.792,12.16
1/23/15,2.827,12.13
1/24/15,2.773,12.18
1/25/15,2.678,12.28
1/26/15,2.669,12.29
1/27/15,2.701,12.26
1/28/15,2.769,12.19
1/29/15,2.802,12.15
1/30/15,2.805,12.15
1/31/15,2.839,12.12
2/1/15,2.864,12.09
2/2/15,2.855,12.1
2/3/15,2.872,12.08
2/4/15,2.872,12.08
2/5/15,2.842,12.11
2/6/15,2.852,12.1
2/7/15,2.832,12.12
2/8/15,2.843,12.11
2/9/15,2.852,12.1
2/10/15,2.882,12.07
2/11/15,2.908,12.05
2/12/15,2.906,12.05
2/12/15,2.91,12.05
2/13/15,2.925,12.03
2/14/15,2.95,12.01
2/15/15,2.933,12.02
2/16/15,2.981,11.98
2/17/15,2.949,12.01
2/18/15,2.923,12.03
2/19/15,2.922,12.03
2/20/15,2.935,12.02
2/21/15,2.959,12
2/22/15,2.951,12
2/23/15,2.97,11.99
2/24/15,2.942,12.01
2/25/15,2.889,12.07
2/26/15,2.846,12.11
2/27/15,2.686,12.27
2/28/15,2.678,12.28
3/1/15,2.684,12.27
3/2/15,2.656,12.3
3/3/15,2.707,12.25
3/4/15,2.699,12.26
3/5/15,2.731,12.22
3/6/15,2.722,12.23
3/7/15,2.679,12.28
3/8/15,2.707,12.25
3/9/15,2.743,12.21
3/10/15,2.773,12.18
3/11/15,2.786,12.17
3/12/15,2.814,12.14
3/13/15,2.836,12.12
3/14/15,2.841,12.11
3/15/15,2.59,12.37
3/16/15,2.57,12.39
3/17/15,2.591,12.36
3/18/15,2.673,12.28
3/19/15,2.709,12.25
3/20/15,2.709,12.25
3/21/15,2.669,12.29
3/22/15,2.687,12.27
3/23/15,2.737,12.22
3/24/15,2.77,12.19
3/25/15,2.806,12.15
3/26/15,2.832,12.12
3/27/15,2.842,12.11
3/28/15,2.804,12.15
3/29/15,2.842,12.11
3/30/15,2.84,12.12
3/31/15,2.852,12.1
4/1/15,2.871,12.08
4/2/15,2.932,12.02
4/3/15,2.927,12.03
4/4/15,2.952,12
4/5/15,3.001,11.96
4/6/15,3.028,11.93
4/7/15,3.049,11.91
4/8/15,3.072,11.88
4/9/15,3.055,11.9
4/10/15,2.901,12.06
4/11/15,2.904,12.05
4/12/15,2.935,12.02
4/13/15,2.963,11.99
4/14/15,2.973,11.98
4/15/15,2.88,12.08
4/16/15,2.71,12.25
4/17/15,2.719,12.24
4/18/15,2.748,12.21
4/19/15,2.782,12.17
4/20/15,2.681,12.27
4/21/15,2.56,12.4
4/22/15,2.613,12.34
4/23/15,2.664,12.29
4/24/15,2.712,12.24
4/25/15,2.758,12.2
4/26/15,2.755,12.2
4/27/15,2.79,12.17
4/28/15,2.844,12.11
4/28/15,2.86,12.1
4/29/15,2.877,12.08
4/30/15,2.894,12.06
5/1/15,2.918,12.04
5/2/15,2.953,12
5/3/15,2.981,11.98
5/4/15,3.023,11.93
5/5/15,3.057,11.9
5/6/15,3.066,11.89
5/7/15,3.103,11.85
5/8/15,3.128,11.83
5/9/15,3.159,11.8
5/10/15,3.174,11.78
5/11/15,3.135,11.82
5/12/15,2.759,12.2
5/13/15,2.73,12.23
5/14/15,2.785,12.17
5/15/15,2.82,12.14
5/16/15,2.867,12.09
5/17/15,2.909,12.05
5/18/15,2.963,11.99
5/19/15,2.986,11.97
5/20/15,2.875,12.08
5/21/15,2.878,12.08
5/22/15,2.809,12.15
5/23/15,2.813,12.14
5/24/15,2.863,12.09
5/25/15,2.895,12.06
5/26/15,2.946,12.01
5/27/15,2.989,11.97
5/28/15,3.031,11.92
5/29/15,3.084,11.87
5/30/15,3.131,11.82
5/31/15,3.158,11.8
6/1/15,3.214,11.74
6/2/15,3.254,11.7
6/3/15,3.248,11.71
6/4/15,3.098,11.86
6/5/15,2.722,12.23
6/6/15,2.59,12.37
6/7/15,2.643,12.31
6/8/15,2.709,12.25
6/9/15,2.757,12.2
6/10/15,2.635,12.32
6/11/15,2.658,12.3
6/12/15,2.718,12.24
6/13/15,2.743,12.21
6/14/15,2.756,12.2
6/15/15,2.78,12.18
6/16/15,2.791,12.16
6/17/15,2.824,12.13
6/18/15,2.861,12.1
6/19/15,2.876,12.08
6/20/15,2.914,12.04
6/21/15,2.949,12.01
6/22/15,2.971,11.98
6/23/15,3.014,11.94
6/24/15,3.047,11.91
6/25/15,3.077,11.88
6/26/15,3.113,11.84
6/27/15,2.81,12.15
6/28/15,2.799,12.16
6/29/15,2.854,12.1
6/30/15,2.907,12.05
7/1/15,2.945,12.01
7/2/15,2.999,11.96
7/3/15,2.884,12.07
7/4/15,2.804,12.15
7/5/15,2.805,12.15
7/6/15,2.849,12.11
7/7/15,2.895,12.06
7/8/15,2.941,12.02
7/9/15,2.979,11.98
7/10/15,3.018,11.94
7/11/15,3.079,11.88
7/12/15,3.097,11.86
7/13/15,3.104,11.85
7/14/15,3.104,11.85
7/15/15,3.129,11.83
7/16/15,3.131,11.82
7/17/15,3.162,11.79
7/18/15,3.191,11.76
7/19/15,3.219,11.74
7/20/15,3.231,11.72
7/21/15,3.241,11.72
7/22/15,3.268,11.69
7/23/15,3.295,11.66
7/24/15,3.33,11.63
7/25/15,3.351,11.6
7/26/15,3.379,11.58
7/27/15,3.417,11.54
7/28/15,3.455,11.5
7/28/15,3.46,11.5
7/29/15,3.484,11.47
7/30/15,3.527,11.43
7/31/15,3.572,11.38
8/1/15,3.614,11.34
8/2/15,3.633,11.32
8/3/15,3.671,11.28
8/4/15,3.702,11.25
8/5/15,3.753,11.2
8/6/15,3.792,11.16
8/7/15,3.807,11.15
8/8/15,3.805,11.15
8/9/15,3.803,11.15
8/10/15,3.804,11.15
8/11/15,3.815,11.14
8/12/15,3.805,11.15
8/13/15,3.812,11.14
8/14/15,3.816,11.14
8/15/15,3.83,11.13
8/16/15,3.843,11.11
8/17/15,3.857,11.1
8/18/15,3.863,11.09
8/19/15,3.886,11.07
8/20/15,3.897,11.06
8/21/15,3.922,11.03
8/22/15,3.946,11.01
8/23/15,3.972,10.98
8/24/15,4.014,10.94
8/25/15,4.055,10.9
8/26/15,4.083,10.87
8/27/15,4.096,10.86
8/28/15,4.115,10.84
8/29/15,4.151,10.8
8/30/15,4.175,10.78
8/31/15,4.206,10.75
9/1/15,4.221,10.74
9/2/15,4.219,10.74
9/3/15,4.223,10.73
9/4/15,4.221,10.74
9/5/15,4.223,10.73
9/6/15,4.232,10.72
9/7/15,4.232,10.72
9/8/15,4.134,10.82
9/9/15,4.006,10.95
9/10/15,3.949,11.01
9/11/15,3.937,11.02
9/12/15,3.882,11.07
9/13/15,3.869,11.09
9/14/15,3.872,11.08
9/15/15,3.901,11.06
9/16/15,3.914,11.04
9/17/15,3.927,11.03
9/18/15,3.944,11.01
9/19/15,3.95,11.01
9/20/15,3.966,10.99
9/21/15,3.988,10.97
9/22/15,4.003,10.95
9/22/15,4.02,10.94
9/23/15,3.881,11.08
9/24/15,3.902,11.05
9/25/15,3.932,11.02
9/26/15,3.767,11.19
9/27/15,3.654,11.3
9/28/15,3.598,11.36
9/29/15,3.535,11.42
9/30/15,3.459,11.5
10/1/15,3.327,11.63
10/2/15,3.124,11.83
10/3/15,2.602,12.35
10/4/15,2.436,12.52
10/5/15,2.413,12.54
10/6/15,2.404,12.55
10/7/15,2.424,12.53
10/8/15,2.442,12.51
10/9/15,2.476,12.48
10/10/15,2.5,12.46
10/11/15,2.535,12.42
10/12/15,2.55,12.41
10/13/15,2.574,12.38
10/14/15,2.602,12.35
10/15/15,2.646,12.31
10/16/15,2.676,12.28
10/17/15,2.73,12.23
10/18/15,2.775,12.18
10/19/15,2.821,12.14
10/20/15,2.875,12.08
10/21/15,2.907,12.05
10/22/15,2.955,12
10/23/15,2.994,11.96
10/24/15,3.024,11.93
10/25/15,3.049,11.91
10/26/15,3.078,11.88
10/27/15,3.104,11.85
10/28/15,3.14,11.82
10/29/15,3.137,11.82
10/30/15,3.146,11.81
10/31/15,3.159,11.8
11/1/15,3.176,11.78
11/2/15,3.182,11.77
11/3/15,3.148,11.81
11/4/15,3.058,11.9
11/5/15,2.994,11.96
11/6/15,2.955,12
11/7/15,2.943,12.01
11/8/15,2.949,12.01
11/9/15,2.963,11.99
11/10/15,2.727,12.23
11/11/15,2.565,12.39
11/12/15,2.587,12.37
11/13/15,2.62,12.34
11/14/15,2.678,12.28
11/15/15,2.741,12.22
11/16/15,2.759,12.2
11/17/15,2.8,12.16
11/18/15,2.818,12.14
11/19/15,2.842,12.11
11/20/15,2.838,12.12
11/21/15,2.825,12.13
11/22/15,2.842,12.11
11/23/15,2.711,12.24
11/24/15,2.711,12.24
11/25/15,2.747,12.21
11/26/15,2.783,12.17
11/27/15,2.801,12.16
11/28/15,2.797,12.16
11/29/15,2.825,12.13
11/30/15,2.855,12.1
12/1/15,2.863,12.09
12/2/15,2.866,12.09
12/3/15,2.869,12.09
12/4/15,2.928,12.03
12/5/15,2.948,12.01
12/6/15,2.942,12.01
12/7/15,2.941,12.02
12/8/15,2.765,12.19
12/9/15,2.724,12.23
12/10/15,2.737,12.22
12/11/15,2.77,12.19
12/12/15,2.819,12.14
12/13/15,2.855,12.1
12/14/15,2.848,12.11
12/15/15,2.839,12.12
12/16/15,2.865,12.09
12/17/15,2.883,12.07
12/18/15,2.887,12.07
12/19/15,2.903,12.05
12/20/15,2.917,12.04
12/21/15,2.928,12.03
12/22/15,2.943,12.01
12/23/15,2.94,12.02
12/24/15,2.862,12.09
12/25/15,2.735,12.22
12/26/15,2.718,12.24
12/27/15,2.746,12.21
12/28/15,2.762,12.19
12/29/15,2.785,12.17
12/30/15,2.67,12.29
12/31/15,2.589,12.37
1/1/16,2.545,12.41
1/2/16,2.568,12.39
1/3/16,2.597,12.36
1/4/16,2.611,12.34
1/5/16,2.687,12.27
1/6/16,2.718,12.24
1/7/16,2.727,12.23
1/8/16,2.735,12.22
1/9/16,2.753,12.2
1/10/16,2.753,12.2
1/11/16,2.784,12.17
1/12/16,2.805,12.15
1/13/16,2.833,12.12
1/14/16,2.854,12.1
1/15/16,2.876,12.08
1/16/16,2.858,12.1
1/17/16,2.866,12.09
1/18/16,2.856,12.1
1/19/16,2.875,12.08
1/20/16,2.891,12.06
1/21/16,2.895,12.06
1/22/16,2.925,12.03
1/23/16,2.649,12.31
1/24/16,2.562,12.39
1/25/16,2.601,12.36
1/26/16,2.634,12.32
1/27/16,2.665,12.29
1/28/16,2.702,12.25
1/29/16,2.696,12.26
1/30/16,2.789,12.17
1/31/16,2.795,12.16
2/1/16,2.829,12.13
2/2/16,2.866,12.09
2/3/16,2.879,12.08
2/3/16,2.89,12.07
2/4/16,2.785,12.17
2/5/16,2.473,12.48
2/6/16,2.385,12.57
2/7/16,2.402,12.55
2/8/16,2.347,12.61
2/9/16,2.367,12.59
2/10/16,2.45,12.51
2/11/16,2.522,12.43
2/12/16,2.582,12.37
2/13/16,2.587,12.37
2/14/16,2.666,12.29
2/15/16,2.684,12.27
2/16/16,2.645,12.31
2/17/16,2.63,12.33
2/18/16,2.676,12.28
2/19/16,2.707,12.25
2/20/16,2.708,12.25
2/21/16,2.751,12.2
2/22/16,2.768,12.19
2/23/16,2.822,12.13
2/24/16,2.825,12.13
2/25/16,2.836,12.12
2/26/16,2.915,12.04
2/27/16,2.964,11.99
2/28/16,2.99,11.97
2/29/16,3.004,11.95
3/1/16,3.072,11.88
3/2/16,3.072,11.88
3/3/16,3.132,11.82
3/4/16,3.081,11.88
3/5/16,3.081,11.88
3/6/16,3.099,11.86
3/7/16,3.146,11.81
3/8/16,3.159,11.8
3/9/16,3.184,11.77
3/10/16,3.21,11.75
3/11/16,3.237,11.72
3/12/16,3.278,11.68
3/13/16,3.264,11.69
3/14/16,3.275,11.68
3/15/16,3.278,11.68
3/16/16,3.32,11.64
3/17/16,3.34,11.62
3/18/16,3.373,11.58
3/19/16,3.407,11.55
3/20/16,3.413,11.54
3/21/16,3.394,11.56
3/22/16,3.409,11.55
3/23/16,3.407,11.55
3/24/16,3.418,11.54
3/25/16,3.442,11.51
3/26/16,3.45,11.51
3/27/16,3.467,11.49
3/28/16,3.45,11.51
3/29/16,3.427,11.53
3/30/16,3.447,11.51
3/31/16,3.469,11.49
4/1/16,3.469,11.49
4/2/16,3.471,11.48
4/3/16,3.477,11.48
4/4/16,3.524,11.43
4/5/16,3.536,11.42
4/6/16,3.579,11.38
4/7/16,3.589,11.37
4/8/16,3.57,11.39
4/9/16,3.584,11.37
4/10/16,3.637,11.32
4/11/16,3.663,11.29
4/12/16,3.679,11.28
4/13/16,3.68,11.28
4/14/16,3.664,11.29
4/15/16,3.678,11.28
4/16/16,3.693,11.26
4/17/16,3.709,11.25
4/18/16,3.72,11.24
4/19/16,3.741,11.22
4/20/16,3.76,11.2
4/21/16,3.805,11.15
4/22/16,3.82,11.14
4/23/16,3.817,11.14
4/24/16,3.759,11.2
4/25/16,3.757,11.2
4/26/16,3.772,11.18
4/27/16,3.796,11.16
4/28/16,3.824,11.13
4/29/16,3.728,11.23
4/30/16,3.631,11.32
5/1/16,3.642,11.31
5/2/16,3.687,11.27
5/3/16,3.695,11.26
5/4/16,3.014,11.94
5/5/16,2.997,11.96
5/6/16,3.009,11.95
5/7/16,3.045,11.91
5/8/16,3.108,11.85
5/9/16,3.204,11.75
5/10/16,3.268,11.69
5/11/16,3.322,11.63
5/12/16,3.363,11.59
5/13/16,3.387,11.57
5/14/16,3.284,11.67
5/15/16,3.257,11.7
5/16/16,3.308,11.65
5/16/16,3.33,11.63
5/17/16,3.36,11.6
5/18/16,3.383,11.57
5/19/16,3.405,11.55
5/20/16,3.445,11.51
5/21/16,3.472,11.48
5/22/16,3.47,11.49
5/23/16,3.482,11.47
5/24/16,3.497,11.46
5/25/16,3.535,11.42
5/26/16,3.56,11.4
5/27/16,3.583,11.37
5/28/16,3.609,11.35
5/29/16,3.644,11.31
5/30/16,3.654,11.3
5/31/16,3.634,11.32
6/1/16,3.622,11.33
6/2/16,3.611,11.34
6/3/16,3.615,11.34
6/4/16,3.471,11.48
6/5/16,3.084,11.87
6/6/16,2.953,12
6/7/16,2.755,12.2
6/8/16,2.555,12.4
6/9/16,2.63,12.33
6/10/16,2.715,12.24
6/11/16,2.808,12.15
6/12/16,2.879,12.08
6/13/16,2.973,11.98
6/14/16,3.049,11.91
6/15/16,3.123,11.83
6/16/16,3.169,11.79
6/17/16,3.184,11.77
6/18/16,3.121,11.84
6/19/16,3.111,11.84
6/20/16,3.152,11.8
6/21/16,3.208,11.75
6/22/16,3.275,11.68
6/23/16,3.337,11.62
6/24/16,3.367,11.59
6/25/16,3.368,11.59
6/26/16,3.386,11.57
6/27/16,3.404,11.55
6/28/16,3.427,11.53
6/29/16,3.439,11.52
6/30/16,3.468,11.49
7/1/16,3.494,11.46
7/2/16,3.501,11.46
7/3/16,3.533,11.42
7/4/16,3.537,11.42
7/5/16,3.543,11.41
7/6/16,3.498,11.46
7/7/16,3.472,11.48
7/8/16,3.482,11.47
7/9/16,3.51,11.45
7/10/16,3.536,11.42
7/11/16,3.563,11.39
7/12/16,3.6,11.36
7/13/16,3.64,11.32
7/14/16,3.668,11.29
7/15/16,3.702,11.25
7/16/16,3.741,11.22
7/17/16,3.764,11.19
7/18/16,3.789,11.17
7/19/16,3.821,11.14
7/20/16,3.835,11.12
7/21/16,3.867,11.09
7/22/16,3.895,11.06
7/23/16,3.93,11.03
7/24/16,3.956,11
7/25/16,3.966,10.99
7/26/16,3.996,10.96
7/27/16,4.026,10.93
7/28/16,4.059,10.9
7/29/16,4.098,10.86
7/30/16,4.123,10.83
7/31/16,4.161,10.8
8/1/16,4.153,10.8
8/2/16,4.152,10.8
8/3/16,4.027,10.93
8/4/16,3.944,11.01
8/5/16,3.958,11
8/6/16,3.974,10.98
8/7/16,4.011,10.94
8/8/16,4.038,10.92
8/9/16,4.053,10.9
8/9/16,4.06,10.9
8/10/16,4.02,10.94
8/11/16,3.976,10.98
8/12/16,3.962,10.99
8/13/16,3.968,10.99
8/14/16,3.993,10.96
8/15/16,4.019,10.94
8/16/16,4.065,10.89
8/17/16,4.081,10.88
8/18/16,4.091,10.86
8/19/16,4.098,10.86
8/20/16,4.095,10.86
8/21/16,4.08,10.88
8/22/16,4.091,10.86
8/23/16,4.134,10.82
8/24/16,4.168,10.79
8/25/16,4.191,10.76
8/26/16,4.235,10.72
8/27/16,4.28,10.68
8/28/16,4.323,10.63
8/29/16,4.357,10.6
8/30/16,4.369,10.59
8/31/16,4.379,10.58
9/1/16,4.388,10.57
9/2/16,4.397,10.56
9/3/16,3.697,11.26
9/4/16,3.037,11.92
9/5/16,2.956,12
9/6/16,2.97,11.99
9/7/16,3.013,11.94
9/8/16,2.979,11.98
9/9/16,2.969,11.99
9/10/16,2.989,11.97
9/11/16,3.028,11.93
9/12/16,3.057,11.9
9/13/16,3.062,11.89
9/14/16,3.078,11.88
9/15/16,3.1,11.86
9/16/16,3.137,11.82
9/17/16,3.175,11.78
9/18/16,3.202,11.75
9/19/16,3.239,11.72
9/20/16,3.266,11.69
9/21/16,2.767,12.19
9/22/16,2.471,12.48
9/23/16,2.292,12.66
9/24/16,2.301,12.66
9/25/16,2.38,12.58
9/26/16,2.445,12.51
9/27/16,2.48,12.48
9/28/16,2.53,12.43
9/29/16,2.594,12.36
9/30/16,2.62,12.34
10/1/16,2.629,12.33
10/2/16,2.644,12.31
10/3/16,2.68,12.28
10/4/16,2.697,12.26
10/5/16,2.728,12.23
10/6/16,2.762,12.19
10/7/16,2.796,12.16
10/8/16,2.79,12.17
10/9/16,2.063,12.89
10/10/16,1.854,13.1
10/11/16,1.877,13.08
10/12/16,1.918,13.04
10/13/16,1.965,12.99
10/14/16,2.045,12.91
10/15/16,2.101,12.86
10/16/16,2.143,12.81
10/17/16,2.175,12.78
10/18/16,2.223,12.73
10/19/16,2.27,12.69
10/20/16,2.302,12.65
10/21/16,2.339,12.62
10/22/16,2.368,12.59
10/23/16,2.395,12.56
10/24/16,2.427,12.53
10/25/16,2.466,12.49
10/26/16,2.517,12.44
10/27/16,2.563,12.39
10/28/16,2.594,12.36
10/29/16,2.626,12.33
10/30/16,2.653,12.3
10/31/16,2.679,12.28
11/1/16,2.708,12.25
11/2/16,2.743,12.21
11/3/16,2.758,12.2
11/4/16,2.774,12.18
11/5/16,2.778,12.18
11/6/16,2.79,12.17
11/7/16,2.794,12.16
11/8/16,2.804,12.15
11/9/16,2.818,12.14
11/10/16,2.821,12.14
11/11/16,2.817,12.14
11/12/16,2.827,12.13
11/13/16,2.849,12.11
11/14/16,2.861,12.1
11/15/16,2.87,12.09
11/15/16,2.87,12.09
11/16/16,2.871,12.08
11/17/16,2.878,12.08
11/18/16,2.905,12.05
11/19/16,2.919,12.04
11/20/16,2.936,12.02
11/21/16,2.95,12.01
11/22/16,2.976,11.98
11/23/16,3.008,11.95
11/24/16,3.058,11.9
11/25/16,3.08,11.88
11/26/16,3.102,11.85
11/27/16,3.114,11.84
11/28/16,3.113,11.84
11/29/16,3.129,11.83
11/30/16,3.137,11.82
12/1/16,3.144,11.81
12/2/16,3.154,11.8
12/3/16,3.156,11.8
12/4/16,3.168,11.79
12/5/16,3.18,11.78
12/6/16,3.179,11.78
12/7/16,3.191,11.76
12/8/16,3.188,11.77
12/9/16,3.208,11.75
12/10/16,3.237,11.72
12/11/16,3.256,11.7
12/12/16,3.263,11.69
12/13/16,3.268,11.69
12/14/16,3.268,11.69
12/15/16,3.271,11.68
12/16/16,3.277,11.68
12/17/16,3.275,11.68
12/18/16,3.28,11.68
12/19/16,3.278,11.68
12/20/16,3.284,11.67
12/21/16,3.28,11.68
12/22/16,3.285,11.67
12/23/16,3.291,11.66
12/24/16,3.306,11.65
12/25/16,3.307,11.65
12/26/16,3.315,11.64
12/27/16,3.323,11.63
12/28/16,3.325,11.63
12/29/16,3.325,11.63
12/30/16,3.337,11.62
12/31/16,3.343,11.61
1/1/17,3.353,11.6
1/2/17,3.368,11.59
1/3/17,3.249,11.71
1/4/17,3.124,11.83
1/5/17,3.129,11.83
1/6/17,3.131,11.82
1/7/17,3.168,11.79
1/8/17,3.047,11.91
1/9/17,3.028,11.93
1/10/17,3.03,11.93
1/11/17,3.036,11.92
1/11/17,3.04,11.92
1/12/17,3.058,11.9
1/13/17,3.089,11.87
1/14/17,3.139,11.82
1/15/17,3.131,11.82
1/16/17,3.126,11.83
1/17/17,3.145,11.81
1/18/17,3.165,11.79
1/19/17,3.182,11.77
1/20/17,3.192,11.76
1/21/17,3.196,11.76
1/22/17,3.209,11.75
1/23/17,3.205,11.75
1/24/17,3.092,11.86
1/25/17,3.103,11.85
1/26/17,3.097,11.86
1/27/17,3.152,11.8
1/28/17,3.178,11.78
1/29/17,3.199,11.76
1/30/17,3.237,11.72
1/30/17,3.25,11.71
1/31/17,3.258,11.7
2/1/17,3.286,11.67
2/2/17,3.323,11.63
2/3/17,3.345,11.61
2/4/17,3.371,11.58
2/5/17,3.391,11.56
2/6/17,3.393,11.56
2/7/17,3.438,11.52
2/8/17,3.435,11.52
2/9/17,3.431,11.52
2/10/17,3.461,11.5
2/11/17,3.469,11.49
2/12/17,3.478,11.48
2/13/17,3.487,11.47
2/14/17,3.525,11.43
2/15/17,3.529,11.43
2/16/17,3.537,11.42
2/17/17,3.535,11.42
2/18/17,3.553,11.4
2/19/17,3.572,11.38
2/20/17,3.573,11.38
2/21/17,3.616,11.34
2/22/17,3.617,11.34
2/23/17,3.638,11.32
2/24/17,3.656,11.3
2/25/17,3.674,11.28
2/26/17,3.686,11.27
2/27/17,3.745,11.21
2/28/17,3.772,11.18
3/1/17,3.791,11.16
3/2/17,3.808,11.15
3/3/17,3.805,11.15
3/4/17,3.817,11.14
3/5/17,3.819,11.14
3/6/17,3.833,11.12
3/7/17,3.849,11.11
3/8/17,3.847,11.11
3/9/17,3.858,11.1
3/10/17,3.87,11.09
3/11/17,3.877,11.08
3/12/17,3.904,11.05
3/13/17,3.912,11.04
3/14/17,3.863,11.09
3/15/17,3.778,11.18
3/16/17,3.758,11.2
3/17/17,3.755,11.2
3/18/17,3.764,11.19
3/19/17,3.618,11.34
3/20/17,3.524,11.43
3/21/17,3.476,11.48
3/22/17,3.469,11.49
3/23/17,3.476,11.48
3/24/17,3.483,11.47
3/25/17,3.461,11.5
3/26/17,3.478,11.48
3/27/17,3.486,11.47
3/28/17,3.502,11.45
3/29/17,3.531,11.42
3/30/17,3.578,11.38
3/31/17,3.604,11.35
4/1/17,3.607,11.35
4/2/17,3.599,11.36
4/3/17,3.672,11.28
4/4/17,3.674,11.28
4/5/17,3.722,11.23
4/6/17,3.74,11.22
4/7/17,3.688,11.27
4/8/17,3.719,11.24
4/9/17,3.737,11.22
4/10/17,3.781,11.18
4/11/17,3.807,11.15
4/12/17,3.828,11.13
4/13/17,3.862,11.09
4/14/17,3.888,11.07
4/15/17,3.922,11.03
4/16/17,3.93,11.03
4/17/17,3.959,11
4/18/17,3.983,10.97
4/19/17,4.007,10.95
4/20/17,4.002,10.95
4/21/17,4.03,10.93
4/22/17,4.053,10.9
4/23/17,4.086,10.87
4/24/17,4.096,10.86
4/25/17,3.822,11.13
4/26/17,3.65,11.31
4/27/17,3.605,11.35
4/28/17,3.613,11.34
4/29/17,3.647,11.31
4/30/17,3.68,11.28
5/1/17,3.718,11.24
5/2/17,3.716,11.24
5/3/17,3.773,11.18
5/4/17,3.813,11.14
5/5/17,3.819,11.14
5/6/17,3.603,11.35
5/7/17,3.579,11.38
5/8/17,3.607,11.35
5/9/17,3.652,11.3
5/10/17,3.692,11.26
5/10/17,3.7,11.26
8/8/17,4.24,10.72
8/31/17,4.41,10.55
9/1/17,4.425,10.53
9/2/17,4.313,10.64
9/3/17,4.065,10.89
9/4/17,4.023,10.93
9/5/17,4.011,10.94
9/6/17,4.018,10.94
9/7/17,4.015,10.94
9/8/17,4,10.96
9/9/17,4.006,10.95
9/10/17,4.027,10.93
9/11/17,4.044,10.91
9/12/17,4.041,10.92
9/13/17,4.061,10.9
9/14/17,4.103,10.85
9/15/17,4.111,10.84
9/16/17,4.164,10.79
9/17/17,4.202,10.75
9/18/17,4.218,10.74
9/19/17,4.231,10.72
9/20/17,4.249,10.71
9/21/17,4.298,10.66
9/22/17,4.334,10.62
9/23/17,4.368,10.59
9/24/17,4.42,10.54
9/25/17,4.44,10.52
9/26/17,4.436,10.52
9/27/17,4.442,10.51
9/28/17,4.447,10.51
9/29/17,4.46,10.5
9/30/17,4.499,10.46
10/1/17,4.548,10.41
10/2/17,4.591,10.36
10/3/17,4.654,10.3
10/4/17,4.751,10.2
10/5/17,4.789,10.17
10/6/17,4.828,10.13
10/7/17,4.835,10.12
10/8/17,4.861,10.09
10/9/17,4.861,10.09
10/10/17,4.88,10.08
10/11/17,4.878,10.08
10/12/17,4.883,10.07
10/13/17,4.892,10.06
10/14/17,4.906,10.05
10/15/17,4.909,10.05
10/16/17,4.911,10.04
10/17/17,4.907,10.05
10/18/17,4.943,10.01
10/19/17,4.973,9.98
10/20/17,4.996,9.96
10/21/17,5.012,9.94
10/22/17,5.032,9.92
10/23/17,5.079,9.88
10/24/17,5.086,9.87
10/25/17,5.08,9.88
10/26/17,5.1,9.86
10/27/17,5.168,9.79
10/28/17,5.258,9.7
10/29/17,5.28,9.68
10/30/17,5.056,9.9
10/31/17,5.003,9.95
11/1/17,5.009,9.95
11/2/17,5.056,9.9
11/2/17,5.05,9.91
11/3/17,5.059,9.9
11/4/17,5.083,9.87
11/5/17,5.1,9.86
11/6/17,5.112,9.84
11/7/17,5.143,9.81
11/8/17,5.157,9.8
11/9/17,5.145,9.81
11/10/17,5.051,9.9
11/11/17,5.05,9.91
11/12/17,5.048,9.91
11/13/17,5.054,9.9
11/14/17,5.056,9.9
11/15/17,5.064,9.89
11/16/17,5.061,9.9
11/17/17,5.088,9.87
11/18/17,5.103,9.85
11/19/17,5.123,9.83
11/20/17,5.174,9.78
11/21/17,5.223,9.73
11/22/17,5.248,9.71
11/23/17,5.253,9.7
11/24/17,5.257,9.7
11/25/17,5.264,9.69
11/26/17,5.3,9.66
11/27/17,5.331,9.62
11/28/17,5.36,9.6
11/29/17,5.398,9.56
11/30/17,5.413,9.54
12/1/17,5.444,9.51
12/2/17,5.48,9.48
12/3/17,5.502,9.45
12/4/17,5.544,9.41
12/5/17,5.587,9.37
12/6/17,5.596,9.36
12/7/17,5.593,9.36
12/8/17,5.576,9.38
12/9/17,5.1,9.86
12/10/17,4.491,10.46
12/11/17,4.235,10.72
12/12/17,4.064,10.89
12/13/17,3.988,10.97
12/14/17,3.932,11.02
12/15/17,3.934,11.02
12/16/17,3.918,11.04
12/17/17,3.909,11.05
12/18/17,3.855,11.1
12/19/17,3.838,11.12
12/20/17,3.829,11.13
12/21/17,3.81,11.15
12/22/17,3.824,11.13
12/23/17,3.809,11.15
12/24/17,3.796,11.16
12/25/17,3.697,11.26
12/26/17,3.732,11.22
12/27/17,3.689,11.27
12/28/17,3.676,11.28
12/29/17,3.621,11.34
12/30/17,3.599,11.36
12/31/17,3.631,11.32
1/1/18,3.645,11.31
1/2/18,3.653,11.3
1/3/18,3.619,11.34
1/4/18,3.479,11.48
1/5/18,3.557,11.4
1/6/18,3.576,11.38
1/7/18,3.581,11.38
1/8/18,3.545,11.41
1/9/18,3.549,11.41
1/10/18,3.562,11.39
1/11/18,3.521,11.43
1/12/18,3.461,11.5
1/13/18,3.373,11.58
1/14/18,3.371,11.58
1/15/18,3.329,11.63
1/16/18,3.311,11.64
1/17/18,3.292,11.66
1/18/18,3.296,11.66
1/19/18,3.31,11.65
1/20/18,3.32,11.64
1/21/18,3.342,11.61
1/22/18,3.337,11.62
1/23/18,3.323,11.63
1/24/18,3.363,11.59
1/25/18,3.392,11.56
1/25/18,3.4,11.56
1/26/18,3.394,11.56
1/27/18,3.384,11.57
1/28/18,3.361,11.6
1/29/18,3.239,11.72
1/30/18,3.026,11.93
1/31/18,3.027,11.93
2/1/18,3.006,11.95
2/2/18,3.044,11.91
2/3/18,3.109,11.85
2/4/18,3.082,11.87
2/5/18,3.038,11.92
2/6/18,3.032,11.92
2/7/18,3.044,11.91
2/8/18,3.055,11.9
2/9/18,3.092,11.86
2/10/18,3.077,11.88
2/11/18,3.087,11.87
2/12/18,3.105,11.85
2/13/18,3.164,11.79
2/14/18,3.151,11.8
2/15/18,3.124,11.83
2/16/18,3.137,11.82
2/17/18,3.179,11.78
2/18/18,3.191,11.76
2/19/18,3.21,11.75
2/20/18,3.213,11.74
2/21/18,3.235,11.72
2/22/18,3.245,11.71
2/23/18,3.257,11.7
2/24/18,3.268,11.69
2/25/18,3.265,11.69
2/26/18,3.292,11.66
2/27/18,3.323,11.63
2/28/18,3.326,11.63
3/1/18,3.308,11.65
3/2/18,3.266,11.69
3/3/18,3.271,11.68
3/4/18,3.298,11.66
3/5/18,3.312,11.64
3/6/18,3.311,11.64
3/7/18,3.297,11.66
3/8/18,3.261,11.7
3/9/18,3.262,11.69
3/10/18,3.261,11.7
3/11/18,3.266,11.69
3/12/18,3.276,11.68
3/13/18,3.237,11.72
3/14/18,3.104,11.85
3/15/18,3.109,11.85
3/16/18,3.163,11.79
3/17/18,3.197,11.76
3/18/18,3.224,11.73
3/19/18,3.194,11.76
3/20/18,3.181,11.77
3/21/18,3.113,11.84
3/22/18,3.053,11.9
3/23/18,3.074,11.88
3/24/18,3.087,11.87
3/25/18,3.081,11.88
3/26/18,3.09,11.87
3/27/18,3.1,11.86
3/28/18,3.1,11.86
3/29/18,3.116,11.84
3/30/18,3.127,11.83
3/31/18,3.186,11.77
4/1/18,3.185,11.77
4/2/18,3.189,11.77
4/3/18,3.232,11.72
4/4/18,3.232,11.72
4/5/18,3.278,11.68
4/6/18,3.29,11.67
4/7/18,3.3,11.66
4/8/18,3.124,11.83
4/9/18,3.04,11.92
4/10/18,3.04,11.92
4/11/18,2.99,11.97
4/12/18,3.019,11.94
4/13/18,3.031,11.92
4/14/18,3.064,11.89
4/15/18,3.088,11.87
4/16/18,3.018,11.94
4/17/18,2.933,12.02
4/18/18,2.933,12.02
4/19/18,2.945,12.01
4/20/18,3.026,11.93
4/21/18,3.05,11.91
4/22/18,3.077,11.88
4/23/18,3.079,11.88
4/24/18,3.106,11.85
4/25/18,2.895,12.06
4/26/18,2.891,12.06
4/27/18,2.902,12.05
4/28/18,2.974,11.98
4/29/18,3.036,11.92
4/30/18,3.087,11.87
5/1/18,3.114,11.84
5/2/18,3.146,11.81
5/3/18,3.167,11.79
5/4/18,3.182,11.77
5/5/18,3.207,11.75
5/6/18,3.229,11.73
5/7/18,3.157,11.8
5/8/18,3.121,11.84
5/9/18,3.13,11.83
5/10/18,3.129,11.83
5/11/18,3.152,11.8
5/12/18,3.156,11.8
5/13/18,3.18,11.78
5/14/18,3.203,11.75
5/15/18,3.244,11.71
5/16/18,3.269,11.69
5/17/18,3.279,11.68
5/18/18,3.287,11.67
5/19/18,3.282,11.67
5/20/18,3.277,11.68
5/21/18,3.29,11.67
5/22/18,3.263,11.69
5/23/18,3.177,11.78
5/23/18,3.16,11.8
5/24/18,3.105,11.85
5/25/18,3.122,11.83
5/26/18,3.132,11.82
5/27/18,3.155,11.8
5/28/18,3.184,11.77
5/29/18,3.026,11.93
5/30/18,2.975,11.98
5/31/18,2.978,11.98
6/1/18,3,11.96
6/2/18,3.034,11.92
6/3/18,3.063,11.89
6/4/18,3.095,11.86
6/5/18,3.11,11.85
6/6/18,3.144,11.81
6/6/18,3.15,11.81
6/7/18,3.189,11.77
6/8/18,3.253,11.7
6/9/18,3.28,11.68
6/10/18,3.296,11.66
6/11/18,3.324,11.63
6/12/18,3.347,11.61
6/13/18,3.317,11.64
6/14/18,3.298,11.66
6/15/18,3.311,11.64
6/16/18,3.346,11.61
6/17/18,3.39,11.57
6/18/18,3.409,11.55
6/19/18,3.425,11.53
6/20/18,3.457,11.5
6/21/18,3.265,11.69
6/22/18,3.114,11.84
6/23/18,3.079,11.88
6/24/18,3.04,11.92
6/25/18,3.027,11.93
6/26/18,3.032,11.92
6/27/18,3.028,11.93
6/28/18,3.043,11.91
6/29/18,3.058,11.9
6/30/18,3.108,11.85
7/1/18,3.133,11.82
7/2/18,3.16,11.8
7/3/18,3.196,11.76
7/4/18,3.227,11.73
7/5/18,3.252,11.7
7/6/18,3.236,11.72
7/7/18,3.225,11.73
7/8/18,3.219,11.74
7/9/18,3.235,11.72
7/10/18,3.246,11.71
7/11/18,3.276,11.68
7/12/18,3.312,11.64
7/13/18,3.336,11.62
7/14/18,3.357,11.6
7/15/18,3.404,11.55
7/16/18,3.448,11.51
7/17/18,3.473,11.48
7/18/18,3.496,11.46
7/19/18,3.512,11.44
7/20/18,3.564,11.39
7/21/18,3.584,11.37
7/22/18,3.49,11.47
7/23/18,3.247,11.71
7/24/18,2.961,12
7/25/18,2.5,12.46
7/26/18,2.38,12.58
7/27/18,2.418,12.54
7/28/18,2.448,12.51
7/29/18,2.451,12.5
7/30/18,2.432,12.52
7/31/18,2.428,12.53
8/1/18,2.433,12.52
8/1/18,2.44,12.52
8/2/18,2.488,12.47
8/3/18,2.502,12.45
8/4/18,2.513,12.44
8/5/18,2.55,12.41
8/6/18,2.57,12.39
8/7/18,2.614,12.34
8/8/18,2.66,12.3
8/9/18,2.697,12.26
8/10/18,2.747,12.21
8/11/18,2.799,12.16
8/12/18,2.823,12.13
8/13/18,2.839,12.12
8/14/18,2.848,12.11
8/15/18,2.85,12.11
8/16/18,2.865,12.09
8/17/18,2.876,12.08
8/18/18,2.882,12.07
8/19/18,2.86,12.1
8/20/18,2.817,12.14
8/21/18,2.819,12.14
8/22/18,2.838,12.12
8/23/18,2.857,12.1
8/24/18,2.916,12.04
8/25/18,2.933,12.02
8/26/18,2.977,11.98
8/27/18,3.003,11.95
8/28/18,3.024,11.93
8/29/18,3.058,11.9
8/30/18,3.092,11.86
8/31/18,3.117,11.84
9/1/18,3.166,11.79
9/2/18,3.212,11.74
9/3/18,3.24,11.72
9/4/18,3.266,11.69
9/5/18,3.306,11.65
9/6/18,3.334,11.62
9/7/18,3.362,11.59
9/8/18,3.387,11.57
9/9/18,3.415,11.54
9/10/18,3.426,11.53
9/11/18,3.43,11.53
9/12/18,3.441,11.52
9/13/18,3.469,11.49
9/14/18,3.459,11.5
9/15/18,2.857,12.1
9/16/18,2.611,12.34
9/17/18,2.626,12.33
9/18/18,2.659,12.3
9/19/18,2.726,12.23
9/20/18,2.82,12.14
9/21/18,2.888,12.07
9/22/18,2.944,12.01
9/23/18,3.029,11.93
9/24/18,3.084,11.87
9/25/18,3.13,11.83
9/26/18,3.124,11.83
9/27/18,3.132,11.82
9/28/18,3.162,11.79
9/29/18,3.197,11.76
9/30/18,3.258,11.7
10/1/18,3.323,11.63
10/2/18,3.373,11.58
10/3/18,3.407,11.55
10/4/18,3.444,11.51
10/5/18,3.471,11.48
10/6/18,3.509,11.45
10/7/18,3.555,11.4
10/8/18,3.608,11.35
10/9/18,3.645,11.31
10/10/18,3.671,11.28
10/11/18,3.652,11.3
10/12/18,3.588,11.37
10/13/18,3.605,11.35
10/14/18,3.644,11.31
10/15/18,3.671,11.28
10/16/18,3.686,11.27
10/17/18,3.686,11.27
10/18/18,3.711,11.24
10/19/18,3.757,11.2
10/20/18,3.734,11.22
10/21/18,3.663,11.29
10/22/18,3.65,11.31
10/23/18,3.619,11.34
10/24/18,3.612,11.34
10/25/18,3.617,11.34
10/26/18,3.616,11.34
10/27/18,3.533,11.42
10/28/18,3.528,11.43
10/29/18,3.524,11.43
10/30/18,3.543,11.41
10/30/18,3.55,11.41
10/31/18,3.531,11.42
11/1/18,3.54,11.42
11/2/18,3.545,11.41
11/3/18,3.477,11.48
11/4/18,3.494,11.46
11/5/18,3.466,11.49
11/6/18,3.305,11.65
11/7/18,3.261,11.7
11/8/18,3.243,11.71
11/9/18,3.209,11.75
11/10/18,3.182,11.77
11/11/18,3.177,11.78
11/12/18,3.189,11.77
11/13/18,3.18,11.78
11/14/18,3.121,11.84
11/15/18,3.095,11.86
11/16/18,2.966,11.99
11/17/18,2.969,11.99
11/18/18,2.998,11.96
11/19/18,2.999,11.96
11/20/18,2.922,12.03
11/21/18,2.942,12.01
11/22/18,2.966,11.99
11/23/18,2.997,11.96
11/24/18,2.961,12
11/25/18,2.931,12.02
11/26/18,2.94,12.02
11/27/18,2.924,12.03
11/28/18,2.927,12.03
11/29/18,2.972,11.98
11/30/18,2.996,11.96
12/1/18,3.016,11.94
12/2/18,2.987,11.97
12/3/18,2.9,12.06
12/4/18,2.899,12.06
12/5/18,2.938,12.02
12/6/18,2.968,11.99
12/7/18,2.975,11.98
12/8/18,3.009,11.95
12/9/18,3.008,11.95
12/10/18,2.744,12.21
12/11/18,2.651,12.3
12/12/18,2.666,12.29
12/13/18,2.703,12.25
12/14/18,2.742,12.21
12/15/18,2.662,12.29
12/16/18,2.558,12.4
12/17/18,2.59,12.37
12/18/18,2.614,12.34
12/19/18,2.663,12.29
12/20/18,2.687,12.27
12/21/18,2.589,12.37
12/22/18,2.575,12.38
12/23/18,2.652,12.3
12/24/18,2.665,12.29
12/25/18,2.704,12.25
12/26/18,2.729,12.23
12/27/18,2.772,12.18
12/28/18,2.785,12.17
12/29/18,2.787,12.17
12/30/18,2.792,12.16
12/31/18,2.807,12.15
1/1/19,2.837,12.12
1/2/19,2.865,12.09
1/3/19,2.872,12.08
1/4/19,2.883,12.07
1/5/19,2.882,12.07
1/6/19,2.91,12.05
1/7/19,2.966,11.99
1/8/19,2.974,11.98
1/9/19,2.969,11.99
1/10/19,2.988,11.97
1/11/19,3.029,11.93
1/12/19,3.064,11.89
1/13/19,3.083,11.87
1/14/19,2.945,12.01
1/15/19,2.924,12.03
1/16/19,2.938,12.02
1/17/19,2.975,11.98
1/18/19,2.982,11.97
1/19/19,3.015,11.94
1/20/19,2.986,11.97
1/21/19,2.95,12.01
1/22/19,2.977,11.98
1/23/19,2.97,11.99
1/24/19,2.941,12.02
1/25/19,2.716,12.24
1/26/19,2.695,12.26
1/27/19,2.723,12.23
1/28/19,2.737,12.22
1/29/19,2.785,12.17
1/30/19,2.826,12.13
1/31/19,2.87,12.09
2/1/19,2.9,12.06
2/2/19,2.917,12.04
2/3/19,2.926,12.03
2/4/19,2.889,12.07
2/4/19,2.72,12.24
2/5/19,2.715,12.24
2/6/19,2.739,12.22
2/7/19,2.763,12.19
2/8/19,2.776,12.18
2/9/19,2.835,12.12
2/10/19,2.863,12.09
2/11/19,2.854,12.1
2/12/19,2.838,12.12
2/13/19,2.832,12.12
2/14/19,2.863,12.09
2/15/19,2.875,12.08
2/16/19,2.895,12.06
2/17/19,2.896,12.06
2/18/19,2.88,12.08
2/19/19,2.891,12.06
2/20/19,2.888,12.07
2/21/19,2.884,12.07
2/22/19,2.88,12.08
2/23/19,2.876,12.08
2/24/19,2.75,12.21
2/25/19,2.725,12.23
2/26/19,2.768,12.19
2/27/19,2.77,12.19
2/28/19,2.788,12.17
3/1/19,2.825,12.13
3/2/19,2.828,12.13
3/3/19,2.823,12.13
3/4/19,2.811,12.14
3/5/19,2.778,12.18
3/6/19,2.775,12.18
3/7/19,2.802,12.15
3/8/19,2.827,12.13
3/9/19,2.841,12.11
3/10/19,2.863,12.09
3/11/19,2.884,12.07
3/12/19,2.915,12.04
3/13/19,2.934,12.02
3/14/19,2.968,11.99
3/15/19,2.983,11.97
3/16/19,2.985,11.97
3/17/19,3.01,11.95
3/18/19,3.029,11.93
3/19/19,3.063,11.89
3/20/19,3.085,11.87
3/21/19,3.062,11.89
3/22/19,3.04,11.92
3/23/19,3.099,11.86
3/24/19,3.138,11.82
3/25/19,3.14,11.82
3/26/19,3.124,11.83
3/27/19,3.094,11.86
3/28/19,3.088,11.87
3/29/19,3.093,11.86
3/30/19,3.107,11.85
3/31/19,3.124,11.83
4/1/19,3.164,11.79
4/2/19,3.184,11.77
4/3/19,3.087,11.87
4/4/19,3.076,11.88
4/5/19,3.069,11.89
4/6/19,3.079,11.88
4/7/19,3.075,11.88
4/8/19,3.08,11.88
4/9/19,3.062,11.89
4/10/19,2.938,12.02
4/11/19,2.967,11.99
4/12/19,2.998,11.96
4/13/19,3.027,11.93
4/14/19,2.946,12.01
4/15/19,2.881,12.08
4/16/19,2.909,12.05
4/17/19,2.918,12.04
4/18/19,2.958,12
4/19/19,2.984,11.97
4/20/19,2.849,12.11
4/21/19,2.8,12.16
4/22/19,2.829,12.13
4/23/19,2.874,12.08
4/24/19,2.891,12.06
4/25/19,2.929,12.03
4/26/19,2.974,11.98
4/27/19,3.008,11.95
4/28/19,3.07,11.89
4/29/19,3.135,11.82
4/30/19,3.138,11.82
5/1/19,3.172,11.78
5/2/19,3.203,11.75
5/3/19,3.229,11.73
5/4/19,3.244,11.71
5/5/19,3.271,11.68
5/6/19,3.307,11.65
5/7/19,3.336,11.62
5/7/19,3.34,11.62
5/8/19,3.39,11.57
5/9/19,3.375,11.58
5/10/19,3.48,11.48
5/11/19,3.597,11.36
5/12/19,3.855,11.1
5/13/19,4,10.96
5/14/19,3.871,11.08
5/15/19,3.732,11.22
5/16/19,3.748,11.21
5/17/19,3.832,11.12
5/18/19,3.86,11.1
5/19/19,3.742,11.21
5/20/19,3.816,11.14
5/21/19,3.96,11
5/22/19,3.719,11.24
5/23/19,3.659,11.3
5/24/19,3.938,11.02
5/25/19,3.843,11.11
5/26/19,3.944,11.01
5/27/19,4.144,10.81
5/28/19,4.173,10.78
5/29/19,4.302,10.65
5/30/19,4.296,10.66
5/31/19,4.369,10.59
6/1/19,4.085,10.87
6/2/19,3.877,11.08
6/3/19,3.834,11.12
6/4/19,3.51,11.45
6/5/19,3.609,11.35
6/6/19,3.851,11.1
6/7/19,3.906,11.05
6/8/19,3.587,11.37
6/9/19,3.465,11.49
6/10/19,3.487,11.47
6/11/19,3.548,11.41
6/12/19,3.325,11.63
6/13/19,3.598,11.36
6/14/19,3.303,11.65
6/15/19,3.168,11.79
6/16/19,3.375,11.58
6/17/19,3.431,11.52
6/18/19,3.493,11.46
6/19/19,3.705,11.25
6/20/19,3.84,11.12
6/21/19,3.861,11.1
6/22/19,3.582,11.37
6/23/19,3.483,11.47
6/24/19,3.644,11.31
6/25/19,3.774,11.18
6/26/19,3.583,11.37
6/27/19,3.494,11.46
6/28/19,3.489,11.47
6/29/19,3.539,11.42
6/30/19,3.813,11.14
7/1/19,3.908,11.05
7/2/19,3.892,11.06
7/3/19,4.032,10.92
7/4/19,3.954,11
7/5/19,3.848,11.11
7/6/19,3.764,11.19
7/7/19,3.748,11.21
7/8/19,3.77,11.19
7/9/19,3.475,11.48
7/10/19,3.357,11.6
7/11/19,3.452,11.5
7/12/19,3.553,11.4
7/13/19,3.497,11.46
7/14/19,3.435,11.52
7/15/19,3.408,11.55
7/16/19,3.368,11.59
7/17/19,3.424,11.53
7/18/19,3.553,11.4
7/19/19,3.564,11.39
7/20/19,3.591,11.36
7/21/19,3.632,11.32
7/22/19,3.676,11.28
7/23/19,3.738,11.22
7/24/19,3.816,11.14
7/25/19,3.733,11.22
7/26/19,3.582,11.37
7/27/19,3.56,11.4
7/28/19,3.677,11.28
7/29/19,3.829,11.13
7/30/19,3.901,11.06
7/31/19,3.968,10.99
8/1/19,4.025,10.93
8/2/19,4.075,10.88
8/3/19,4.169,10.79
8/4/19,4.232,10.72
8/5/19,4.271,10.68
8/6/19,4.322,10.63
8/7/19,4.35,10.61
8/7/19,4.4,10.56
8/8/19,4.4,10.56
8/9/19,4.435,10.52
8/10/19,4.478,10.48
8/11/19,4.543,10.41
8/12/19,4.584,10.37
8/13/19,4.623,10.33
8/14/19,4.659,10.3
8/15/19,4.707,10.25
8/16/19,4.769,10.19
8/17/19,4.799,10.16
8/18/19,4.815,10.14
8/19/19,4.826,10.13
8/20/19,4.827,10.13
8/21/19,4.861,10.09
8/22/19,4.916,10.04
8/23/19,5,9.96
8/24/19,5.123,9.83
8/25/19,5.145,9.81
8/26/19,5.138,9.82
8/27/19,5.157,9.8
8/28/19,5.179,9.78
8/29/19,5.213,9.74
8/30/19,5.305,9.65
8/31/19,5.391,9.56
9/1/19,5.481,9.48
9/2/19,5.517,9.44
9/3/19,5.539,9.42
9/4/19,5.601,9.36
9/5/19,5.69,9.27
9/6/19,4.743,10.21
9/7/19,3.453,11.5
9/8/19,3.301,11.66
9/9/19,3.285,11.67
9/10/19,3.167,11.79
9/11/19,3.085,11.87
9/12/19,3.068,11.89
9/13/19,3.067,11.89
9/14/19,3.075,11.88
9/15/19,3.088,11.87
9/16/19,3.105,11.85
9/17/19,3.123,11.83
9/18/19,3.155,11.8
9/19/19,3.178,11.78
9/20/19,3.197,11.76
9/21/19,3.224,11.73
9/22/19,3.26,11.7
9/23/19,3.292,11.66
9/24/19,3.318,11.64
9/25/19,3.338,11.62
9/26/19,3.376,11.58
9/27/19,3.401,11.56
9/28/19,3.44,11.52
9/29/19,3.475,11.48
9/30/19,3.511,11.44
10/1/19,3.542,11.41
10/2/19,3.573,11.38
10/3/19,3.605,11.35
10/4/19,3.629,11.33
10/5/19,3.635,11.32
10/6/19,3.644,11.31
10/7/19,3.653,11.3
10/8/19,3.68,11.28
10/9/19,3.69,11.27
10/10/19,3.69,11.27
10/11/19,3.702,11.25
10/12/19,3.702,11.25
10/13/19,3.713,11.24
10/14/19,3.725,11.23
10/15/19,3.731,11.22
10/16/19,3.745,11.21
10/17/19,3.741,11.22
10/18/19,3.753,11.2
10/19/19,3.77,11.19
10/20/19,3.794,11.16
10/21/19,3.798,11.16
10/22/19,3.795,11.16
10/23/19,3.805,11.15
10/24/19,3.794,11.16
10/25/19,3.799,11.16
10/26/19,3.807,11.15
10/27/19,3.813,11.14
10/28/19,3.808,11.15
10/29/19,3.815,11.14
10/29/19,3.8,11.16
10/30/19,3.801,11.16
10/31/19,3.802,11.15
11/1/19,3.777,11.18
11/2/19,3.785,11.17
11/3/19,3.781,11.18
11/4/19,3.797,11.16
11/5/19,3.81,11.15
11/6/19,3.82,11.14
11/7/19,3.814,11.14
11/8/19,3.801,11.16
11/9/19,3.794,11.16
11/10/19,3.783,11.17
11/11/19,3.776,11.18
11/12/19,3.78,11.18
11/13/19,3.78,11.18
11/14/19,3.775,11.18
11/15/19,3.759,11.2
11/16/19,3.637,11.32
11/17/19,3.521,11.43
11/18/19,3.481,11.48
11/19/19,3.468,11.49
11/20/19,3.488,11.47
11/21/19,3.512,11.44
11/22/19,3.511,11.44
11/23/19,3.528,11.43
11/24/19,3.478,11.48
11/25/19,3.471,11.48
11/26/19,3.492,11.46
11/27/19,3.513,11.44
11/28/19,3.511,11.44
11/29/19,3.534,11.42
11/30/19,3.539,11.42
12/1/19,3.538,11.42
12/2/19,3.48,11.48
12/3/19,3.489,11.47
12/4/19,3.482,11.47
12/5/19,3.484,11.47
12/6/19,3.501,11.46
12/7/19,3.507,11.45
12/8/19,3.526,11.43
12/9/19,3.521,11.43
12/10/19,3.284,11.67
12/11/19,3.298,11.66
12/12/19,3.324,11.63
12/13/19,3.299,11.66
12/14/19,3.19,11.77
12/15/19,3.189,11.77
12/16/19,3.22,11.74
12/17/19,3.224,11.73
12/18/19,3.218,11.74
12/19/19,3.257,11.7
12/20/19,3.287,11.67
12/21/19,3.307,11.65
12/22/19,3.31,11.65
12/23/19,3.314,11.64
12/24/19,3.307,11.65
12/25/19,3.327,11.63
12/26/19,3.353,11.6
12/27/19,3.369,11.59
12/28/19,3.378,11.58
12/29/19,3.396,11.56
12/30/19,3.4,11.56
12/31/19,3.385,11.57
1/1/20,3.388,11.57
1/2/20,3.415,11.54
1/3/20,3.433,11.52
1/4/20,3.439,11.52
1/5/20,3.392,11.56
1/6/20,3.368,11.59
1/7/20,3.355,11.6
1/8/20,3.37,11.59
1/9/20,3.392,11.56
1/10/20,3.419,11.54
1/11/20,3.411,11.54
1/12/20,3.413,11.54
1/13/20,3.372,11.58
1/14/20,3.301,11.66
1/15/20,3.217,11.74
1/16/20,3.197,11.76
1/17/20,3.227,11.73
1/18/20,3.247,11.71
1/19/20,3.202,11.75
1/20/20,3.244,11.71
1/21/20,3.272,11.68
1/22/20,3.287,11.67
1/23/20,3.298,11.66
1/24/20,3.301,11.66
1/25/20,3.307,11.65
1/26/20,3.312,11.64
1/27/20,3.312,11.64
1/28/20,3.318,11.64
1/28/20,3.33,11.63
1/29/20,3.148,11.81
1/30/20,3.082,11.87
1/31/20,2.976,11.98
2/1/20,3.275,11.68
2/2/20,3.297,11.66
2/3/20,3.152,11.8
2/4/20,3.129,11.83
2/5/20,3.179,11.78
2/6/20,3.396,11.56
2/7/20,3.692,11.26
2/8/20,2.376,12.58
2/9/20,2.111,12.84
2/10/20,2.25,12.71
2/11/20,2.609,12.35
2/12/20,2.56,12.4
2/13/20,2.884,12.07
2/14/20,2.524,12.43
2/15/20,2.102,12.85
2/16/20,2.348,12.61
2/17/20,2.563,12.39
2/18/20,2.457,12.5
2/19/20,2.598,12.36
2/20/20,2.296,12.66
2/21/20,2.279,12.68
2/22/20,2.118,12.84
2/23/20,2.261,12.7
2/24/20,2.52,12.44
2/25/20,2.785,12.17
2/26/20,2.848,12.11
2/27/20,2.953,12
2/28/20,2.612,12.34
2/29/20,2.746,12.21
3/1/20,2.455,12.5
3/2/20,2.556,12.4
3/3/20,2.926,12.03
3/4/20,2.898,12.06
3/5/20,2.787,12.17
3/6/20,3.031,11.92
3/7/20,2.645,12.31
3/8/20,2.197,12.76
3/9/20,2.191,12.76
3/10/20,2.412,12.54
3/11/20,2.702,12.25
3/12/20,2.863,12.09
3/13/20,2.895,12.06
3/14/20,2.529,12.43
3/15/20,2.579,12.38
3/16/20,2.472,12.48
3/17/20,2.651,12.3
3/18/20,2.555,12.4
3/19/20,2.627,12.33
3/20/20,2.688,12.27
3/21/20,2.806,12.15
3/22/20,2.52,12.44
3/23/20,2.772,12.18
3/24/20,2.827,12.13
3/25/20,3.245,11.71
3/26/20,2.713,12.24
3/27/20,2.888,12.07
3/28/20,2.853,12.1
3/29/20,2.882,12.07
3/30/20,2.881,12.08
3/31/20,2.948,12.01
4/1/20,3.323,11.63
4/2/20,2.903,12.05
4/3/20,2.953,12
4/4/20,2.919,12.04
4/5/20,2.768,12.19
4/6/20,2.795,12.16
4/7/20,2.88,12.08
4/8/20,3.238,11.72
4/9/20,3.393,11.56
4/10/20,3.226,11.73
4/11/20,2.812,12.14
4/12/20,2.706,12.25
4/13/20,3.086,11.87
4/14/20,2.84,12.12
4/15/20,2.845,12.11
4/16/20,2.683,12.27
4/17/20,2.52,12.44
4/18/20,3.058,11.9
4/19/20,2.806,12.15
4/20/20,3.376,11.58
4/21/20,3.046,11.91
4/22/20,2.806,12.15
4/23/20,2.717,12.24
4/24/20,3.192,11.76
4/25/20,2.901,12.06
4/26/20,3.091,11.86
4/27/20,3.035,11.92
4/28/20,2.661,12.3
4/29/20,2.784,12.17
4/30/20,3.036,11.92
5/1/20,3.22,11.74
5/2/20,2.784,12.17
5/3/20,2.884,12.07
5/4/20,3.187,11.77
5/5/20,2.969,11.99
5/6/20,3.187,11.77
5/6/20,3.22,11.74
5/7/20,3.049,11.91
5/8/20,2.939,12.02
5/9/20,2.942,12.01
5/10/20,2.687,12.27
5/11/20,3.075,11.88
5/12/20,2.87,12.09
5/13/20,2.784,12.17
5/14/20,2.825,12.13
5/15/20,3.016,11.94
5/16/20,3.182,11.77
5/17/20,3.212,11.74
5/18/20,3.59,11.37
5/19/20,3.077,11.88
5/20/20,2.934,12.02
5/21/20,2.835,12.12
5/22/20,2.804,12.15
5/23/20,2.846,12.11
5/24/20,2.881,12.08
5/25/20,2.828,12.13
5/26/20,2.892,12.06
5/26/20,2.94,12.02
5/27/20,2.94,12.02
5/28/20,2.98,11.98
5/29/20,2.943,12.01
5/30/20,2.683,12.27
5/31/20,2.633,12.32
6/1/20,2.681,12.27
6/2/20,2.716,12.24
6/3/20,2.748,12.21
6/4/20,2.807,12.15
6/5/20,2.838,12.12
6/6/20,2.875,12.08
6/7/20,2.896,12.06
6/8/20,2.94,12.02
6/9/20,2.972,11.98
6/10/20,3.016,11.94
6/11/20,3.049,11.91
6/12/20,3.087,11.87
6/13/20,3.007,11.95
6/14/20,2.96,12
6/15/20,2.964,11.99
6/16/20,2.966,11.99
6/17/20,2.902,12.05
6/18/20,2.902,12.05
6/19/20,2.928,12.03
6/20/20,2.945,12.01
6/21/20,2.936,12.02
6/22/20,2.955,12
6/23/20,2.959,12
6/24/20,2.962,11.99
6/25/20,2.973,11.98
6/26/20,2.982,11.97
6/27/20,2.997,11.96
6/28/20,3.003,11.95
6/29/20,3.03,11.93
6/30/20,3.041,11.92
7/1/20,3.067,11.89
7/2/20,3.09,11.87
7/3/20,3.099,11.86
7/4/20,3.125,11.83
7/5/20,3.135,11.82
7/6/20,3.161,11.8
7/7/20,3.186,11.77
7/8/20,3.198,11.76
7/9/20,3.207,11.75
7/10/20,3.229,11.73
7/11/20,3.249,11.71
7/12/20,3.264,11.69
7/13/20,3.294,11.66
7/14/20,3.32,11.64
7/15/20,3.358,11.6
7/16/20,3.376,11.58
7/17/20,3.424,11.53
7/18/20,3.453,11.5
7/19/20,3.477,11.48
7/20/20,3.497,11.46
7/21/20,3.528,11.43
7/22/20,3.558,11.4
7/23/20,3.608,11.35
7/24/20,3.664,11.29
7/25/20,3.703,11.25
7/26/20,3.759,11.2
7/27/20,3.812,11.14
7/28/20,3.837,11.12
7/29/20,3.868,11.09
7/30/20,3.878,11.08
7/31/20,3.913,11.04
8/1/20,3.929,11.03
8/2/20,3.935,11.02
8/3/20,3.952,11
8/4/20,3.963,10.99
8/5/20,3.967,10.99
8/6/20,3.955,11
8/6/20,3.95,11.01
8/7/20,3.94,11.02
8/8/20,3.934,11.02
8/9/20,3.913,11.04
8/10/20,3.898,11.06
8/11/20,3.902,11.05
8/12/20,3.91,11.05
8/13/20,3.944,11.01
8/14/20,3.714,11.24
8/15/20,3.607,11.35
8/16/20,3.543,11.41
8/17/20,3.491,11.46
8/18/20,3.492,11.46
8/19/20,3.501,11.46
8/20/20,3.185,11.77
8/21/20,3.084,11.87
8/22/20,3.065,11.89
8/23/20,3.106,11.85
8/24/20,3.13,11.83
8/25/20,3.151,11.8
8/26/20,3.194,11.76
8/27/20,3.222,11.73
8/28/20,3.25,11.71
8/29/20,3.279,11.68
8/30/20,3.297,11.66
8/31/20,3.332,11.62
9/1/20,3.359,11.6
9/2/20,3.34,11.62
9/3/20,3.291,11.66
9/4/20,3.298,11.66
9/5/20,3.315,11.64
9/6/20,3.348,11.61
9/7/20,3.391,11.56
9/8/20,3.418,11.54
9/9/20,3.419,11.54
9/10/20,3.413,11.54
9/11/20,3.409,11.55
9/12/20,3.27,11.69
9/13/20,3.163,11.79
9/14/20,3.199,11.76
9/15/20,3.246,11.71
9/16/20,3.28,11.68
9/17/20,3.295,11.66
9/18/20,3.062,11.89
9/19/20,2.884,12.07
9/20/20,2.923,12.03
9/21/20,2.981,11.98
9/22/20,3.008,11.95
9/23/20,3.033,11.92
9/24/20,3.057,11.9
9/25/20,3.089,11.87
9/26/20,3.09,11.87
9/27/20,3.117,11.84
9/28/20,3.137,11.82
9/29/20,3.172,11.78
9/30/20,3.166,11.79
10/1/20,3.166,11.79
10/2/20,3.191,11.76
10/3/20,3.201,11.76
10/4/20,3.22,11.74
10/5/20,3.235,11.72
10/6/20,3.252,11.7
10/7/20,3.274,11.68
10/8/20,3.309,11.65
10/9/20,3.322,11.63
10/10/20,3.369,11.59
10/11/20,3.381,11.58
10/12/20,3.391,11.56
10/13/20,3.38,11.58
10/14/20,3.381,11.58
10/15/20,3.4,11.56
10/16/20,3.418,11.54
10/17/20,3.428,11.53
10/18/20,3.434,11.52
10/19/20,3.441,11.52
10/20/20,3.446,11.51
10/21/20,3.448,11.51
10/22/20,3.465,11.49
10/23/20,3.463,11.49
10/24/20,3.465,11.49
10/25/20,3.484,11.47
10/26/20,3.47,11.49
10/27/20,3.485,11.47
10/28/20,3.493,11.46
10/29/20,3.484,11.47
10/30/20,3.483,11.47
10/31/20,3.501,11.46
11/1/20,3.529,11.43
11/2/20,3.459,11.5
11/2/20,3.45,11.51
11/3/20,3.391,11.56
11/4/20,3.387,11.57
11/5/20,3.396,11.56
11/6/20,3.417,11.54
11/7/20,3.414,11.54
11/8/20,3.426,11.53
11/9/20,3.438,11.52
11/10/20,3.451,11.5
11/11/20,3.473,11.48
11/12/20,3.468,11.49
11/13/20,2.598,12.36
11/14/20,2.527,12.43
11/15/20,2.577,12.38
11/16/20,2.612,12.34
11/17/20,2.666,12.29
11/18/20,2.762,12.19
11/19/20,2.793,12.16
11/20/20,2.806,12.15
11/21/20,2.825,12.13
11/22/20,2.856,12.1
11/23/20,2.871,12.08
11/24/20,2.9,12.06
11/25/20,2.918,12.04
11/26/20,2.934,12.02
11/27/20,2.924,12.03
11/28/20,2.923,12.03
11/29/20,2.934,12.02
11/30/20,2.938,12.02
12/1/20,2.883,12.07
12/2/20,2.926,12.03
12/3/20,2.965,11.99
12/4/20,2.979,11.98
12/5/20,2.95,12.01
12/6/20,2.988,11.97
12/7/20,3.012,11.94
12/8/20,3.017,11.94
12/9/20,3.051,11.9
12/10/20,3.058,11.9
12/11/20,3.087,11.87
12/12/20,3.1,11.86
12/13/20,3.117,11.84
12/14/20,3.09,11.87
12/15/20,3.041,11.92
12/16/20,2.987,11.97
12/17/20,2.797,12.16
12/18/20,2.766,12.19
12/19/20,2.805,12.15
12/20/20,2.819,12.14
12/21/20,2.784,12.17
12/22/20,2.797,12.16
12/23/20,2.871,12.08
12/24/20,2.883,12.07
12/25/20,2.718,12.24
12/26/20,2.687,12.27
12/27/20,2.729,12.23
12/28/20,2.771,12.18
12/29/20,2.802,12.15
12/30/20,2.853,12.1
12/31/20,2.857,12.1
1/1/21,2.713,12.24
1/2/21,2.526,12.43
1/3/21,2.556,12.4
1/4/21,2.534,12.42
1/5/21,2.577,12.38
1/6/21,2.635,12.32
1/7/21,2.689,12.27
1/8/21,2.702,12.25
1/9/21,2.696,12.26
1/10/21,2.727,12.23
1/11/21,2.774,12.18
1/12/21,2.777,12.18
1/13/21,2.785,12.17
1/14/21,2.788,12.17
1/15/21,2.807,12.15
1/16/21,2.816,12.14
1/17/21,2.816,12.14
1/18/21,2.823,12.13
1/19/21,2.842,12.11
1/20/21,2.862,12.09
1/21/21,2.88,12.08
1/22/21,2.88,12.08
1/23/21,2.91,12.05
1/24/21,2.944,12.01
1/25/21,2.959,12
1/26/21,2.963,11.99
1/27/21,2.923,12.03
1/28/21,2.905,12.05
1/29/21,2.864,12.09
1/30/21,2.855,12.1
1/31/21,2.86,12.1
2/1/21,2.71,12.25
2/2/21,2.67,12.29
2/3/21,2.696,12.26
2/4/21,2.772,12.18
2/5/21,2.793,12.16
2/6/21,2.806,12.15
2/7/21,2.782,12.17
2/8/21,2.832,12.12
2/9/21,2.828,12.13
2/10/21,2.88,12.08
2/10/21,2.89,12.07
2/11/21,2.869,12.09
2/12/21,2.859,12.1
2/13/21,2.823,12.13
2/14/21,2.777,12.18
2/15/21,2.604,12.35
2/16/21,2.53,12.43
2/16/21,2.54,12.42
2/17/21,2.619,12.34
2/18/21,2.621,12.34
2/19/21,2.441,12.52
2/20/21,2.32,12.64
2/21/21,2.404,12.55
2/22/21,2.426,12.53
2/23/21,2.431,12.52
2/24/21,2.505,12.45
2/25/21,2.542,12.41
2/26/21,2.616,12.34
2/27/21,2.578,12.38
2/28/21,2.601,12.36
3/1/21,2.602,12.35
3/2/21,2.675,12.28
3/3/21,2.684,12.27
3/4/21,2.72,12.24
3/5/21,2.778,12.18
3/6/21,2.808,12.15
3/7/21,2.829,12.13
3/8/21,2.867,12.09
3/9/21,2.877,12.08
3/10/21,2.905,12.05
3/11/21,2.926,12.03
3/12/21,2.945,12.01
3/13/21,2.964,11.99
3/14/21,2.979,11.98
3/15/21,3.036,11.92
3/16/21,3.03,11.93
3/17/21,2.937,12.02
3/18/21,2.951,12
3/19/21,2.952,12
3/20/21,2.9,12.06
3/21/21,2.915,12.04
3/22/21,2.927,12.03
3/23/21,2.953,12
3/24/21,2.969,11.99
3/25/21,2.999,11.96
3/26/21,3.018,11.94
3/27/21,3.037,11.92
3/28/21,3.041,11.92
3/29/21,3.044,11.91
3/30/21,3.073,11.88
3/31/21,3.094,11.86
4/1/21,3.114,11.84
4/2/21,3.093,11.86
4/3/21,3.102,11.85
4/4/21,3.115,11.84
4/5/21,3.124,11.83
4/6/21,3.153,11.8
4/7/21,3.188,11.77
4/8/21,3.208,11.75
4/9/21,3.224,11.73
4/10/21,3.249,11.71
4/11/21,3.199,11.76
4/12/21,3.209,11.75
4/13/21,3.259,11.7
4/14/21,3.296,11.66
4/15/21,3.294,11.66
4/16/21,3.294,11.66
4/17/21,3.305,11.65
4/18/21,3.324,11.63
4/19/21,3.354,11.6
4/20/21,3.387,11.57
4/21/21,3.406,11.55
4/22/21,3.436,11.52
4/23/21,3.454,11.5
4/24/21,3.478,11.48
4/25/21,3.475,11.48
4/26/21,3.483,11.47
4/27/21,3.504,11.45
4/27/21,3.51,11.45
4/28/21,3.521,11.43
4/29/21,3.544,11.41
4/30/21,3.552,11.4
5/1/21,3.583,11.37
5/2/21,3.627,11.33
5/3/21,3.64,11.32
5/4/21,3.641,11.32
5/5/21,3.646,11.31
5/6/21,3.639,11.32
5/7/21,3.62,11.34
5/8/21,3.606,11.35
5/9/21,3.6,11.36
5/10/21,3.606,11.35
5/11/21,3.602,11.35
5/12/21,3.594,11.36
5/13/21,3.589,11.37
5/14/21,3.589,11.37
5/15/21,3.601,11.36
5/16/21,3.608,11.35
5/17/21,3.626,11.33
5/18/21,3.641,11.32
5/19/21,3.653,11.3
5/19/21,3.67,11.29
5/20/21,3.697,11.26
5/21/21,3.717,11.24
5/22/21,3.732,11.22
5/23/21,3.751,11.2
5/24/21,3.769,11.19
5/25/21,3.789,11.17
5/26/21,3.809,11.15
5/27/21,3.826,11.13
5/28/21,3.827,11.13
5/29/21,3.841,11.11
5/30/21,3.847,11.11
5/31/21,3.836,11.12
6/1/21,3.829,11.13
6/2/21,3.816,11.14
6/3/21,3.805,11.15
6/4/21,3.096,11.86
6/5/21,2.991,11.96
6/6/21,3.04,11.92
6/7/21,3.074,11.88
6/8/21,3.109,11.85
6/9/21,3.146,11.81
6/10/21,3.121,11.84
6/11/21,3.038,11.92
6/12/21,3.017,11.94
6/13/21,3.026,11.93
6/14/21,3.07,11.89
6/15/21,3.104,11.85
6/16/21,3.149,11.81
6/17/21,3.198,11.76
6/18/21,3.242,11.71
6/19/21,3.284,11.67
6/20/21,3.318,11.64
6/21/21,3.303,11.65
6/22/21,3.227,11.73
6/23/21,3.221,11.74
6/24/21,3.234,11.72
6/25/21,3.271,11.68
6/26/21,3.298,11.66
6/27/21,3.332,11.62
6/28/21,3.359,11.6
6/29/21,3.376,11.58
6/30/21,3.395,11.56
7/1/21,3.407,11.55
7/2/21,3.41,11.55
7/3/21,3.423,11.53
7/4/21,3.423,11.53
7/5/21,3.437,11.52
7/6/21,3.466,11.49
7/7/21,3.49,11.47
7/8/21,3.508,11.45
7/9/21,3.513,11.44
7/10/21,3.515,11.44
7/11/21,3.527,11.43
7/12/21,3.533,11.42
7/13/21,3.552,11.4
7/14/21,3.559,11.4
7/15/21,3.566,11.39
7/16/21,3.58,11.38
7/17/21,3.601,11.36
7/18/21,3.608,11.35
7/19/21,3.603,11.35
7/20/21,3.527,11.43
7/21/21,3.435,11.52
7/22/21,3.473,11.48
7/23/21,3.53,11.43
7/24/21,3.583,11.37
7/25/21,3.627,11.33
7/26/21,3.662,11.29
7/27/21,3.698,11.26
7/28/21,3.707,11.25
7/29/21,3.235,11.72
7/30/21,3.187,11.77
7/31/21,3.26,11.7
8/1/21,3.309,11.65
8/2/21,3.303,11.65
8/3/21,3.319,11.64
8/4/21,3.141,11.82
8/5/21,2.66,12.3
8/5/21,2.66,12.3
8/6/21,2.706,12.25
8/7/21,2.751,12.2
8/8/21,2.759,12.2
8/9/21,2.791,12.16
8/10/21,2.849,12.11
8/11/21,2.89,12.07
8/12/21,2.926,12.03
8/13/21,2.948,12.01
8/14/21,2.975,11.98
8/15/21,2.987,11.97
8/16/21,3.004,11.95
8/17/21,3.003,11.95
8/18/21,3.009,11.95
8/19/21,3.017,11.94
8/20/21,3.022,11.93
8/21/21,3.025,11.93
8/22/21,3.026,11.93
8/23/21,3.021,11.93
8/24/21,3.017,11.94
8/25/21,3.031,11.92
8/26/21,3.036,11.92
8/27/21,3.034,11.92
8/28/21,3.041,11.92
8/29/21,3.042,11.91
8/30/21,3.046,11.91
8/31/21,3.045,11.91
9/1/21,3.051,11.9
9/2/21,3.051,11.9
9/3/21,3.049,11.91
9/4/21,3.058,11.9
9/5/21,3.057,11.9
9/6/21,3.065,11.89
9/7/21,3.08,11.88
9/8/21,3.08,11.88
9/9/21,3.086,11.87
9/10/21,3.089,11.87
9/11/21,3.085,11.87
9/12/21,3.092,11.86
9/13/21,3.105,11.85
9/14/21,3.111,11.84
9/15/21,3.12,11.84
9/16/21,3.13,11.83
9/17/21,3.129,11.83
9/18/21,3.147,11.81
9/19/21,3.148,11.81
9/20/21,3.164,11.79
9/21/21,3.18,11.78
9/22/21,3.183,11.77
9/23/21,3.189,11.77
9/24/21,3.196,11.76
9/25/21,3.197,11.76
9/26/21,3.205,11.75
9/27/21,3.199,11.76
9/28/21,3.208,11.75
9/29/21,3.222,11.73
9/30/21,3.228,11.73
10/1/21,3.241,11.72
10/2/21,3.256,11.7
10/3/21,3.27,11.69
10/4/21,3.285,11.67
10/5/21,3.294,11.66
10/6/21,3.306,11.65
10/7/21,3.323,11.63
10/8/21,3.328,11.63
10/9/21,3.339,11.62
10/10/21,3.351,11.6
10/11/21,3.349,11.61
10/12/21,3.354,11.6
10/13/21,3.369,11.59
10/14/21,3.364,11.59
10/15/21,3.372,11.58
10/16/21,3.375,11.58
10/17/21,3.372,11.58
10/18/21,3.381,11.58
10/19/21,3.398,11.56
10/20/21,3.414,11.54
10/21/21,3.566,11.39
10/22/21,3.687,11.27
10/23/21,3.735,11.22
10/24/21,3.763,11.19
10/25/21,3.814,11.14
10/26/21,3.819,11.14
10/27/21,3.825,11.13
10/28/21,3.838,11.12
10/29/21,3.879,11.08
10/30/21,3.905,11.05
10/31/21,3.903,11.05
11/1/21,3.934,11.02
11/2/21,3.955,11
11/3/21,3.97,10.99
11/3/21,3.97,10.99
11/4/21,3.984,10.97
11/5/21,3.993,10.96
11/6/21,4.004,10.95
11/7/21,4.009,10.95
11/8/21,4.017,10.94
11/9/21,4.011,10.94
11/10/21,4.025,10.93
11/11/21,4.043,10.91
11/12/21,4.045,10.91
11/13/21,4.062,10.89
11/14/21,4.215,10.74
11/15/21,4.248,10.71
11/16/21,4.302,10.65
11/17/21,4.338,10.62
11/18/21,4.38,10.58
11/19/21,4.402,10.55
11/20/21,4.426,10.53
11/21/21,4.462,10.49
11/22/21,4.479,10.48
11/23/21,4.467,10.49
11/24/21,4.484,10.47
11/25/21,4.498,10.46
11/26/21,4.502,10.45
11/27/21,4.515,10.44
11/28/21,4.532,10.42
11/29/21,4.544,10.41
11/30/21,4.546,10.41
12/1/21,4.571,10.38
12/2/21,4.586,10.37
12/3/21,4.601,10.36
12/4/21,4.609,10.35
12/5/21,4.623,10.33
12/6/21,4.631,10.32
12/7/21,4.638,10.32
12/8/21,4.658,10.3
12/9/21,4.685,10.27
12/10/21,4.682,10.27
12/11/21,4.691,10.26
12/12/21,4.705,10.25
12/13/21,4.707,10.25
12/14/21,4.714,10.24
12/15/21,4.733,10.22
12/16/21,4.733,10.22
12/17/21,4.758,10.2
12/18/21,4.766,10.19
12/19/21,4.762,10.19
12/20/21,4.756,10.2
12/21/21,4.749,10.21
12/22/21,4.762,10.19
12/23/21,4.762,10.19
12/24/21,4.792,10.16
12/25/21,4.801,10.15
12/26/21,4.814,10.14
12/27/21,4.83,10.13
12/28/21,4.836,10.12
12/29/21,4.851,10.1
12/30/21,4.858,10.1
12/31/21,4.85,10.11
1/1/22,4.854,10.1
1/2/22,4.86,10.1
1/3/22,4.852,10.1
1/4/22,4.847,10.11
1/5/22,4.563,10.39
1/6/22,4.34,10.62
1/7/22,4.191,10.76
1/8/22,4.199,10.76
1/9/22,4.112,10.84
1/10/22,3.987,10.97
1/11/22,3.959,11
1/12/22,3.912,11.04
1/13/22,3.832,11.12
1/14/22,3.781,11.18
1/15/22,3.817,11.14
1/16/22,3.834,11.12
1/17/22,3.453,11.5
1/18/22,3.421,11.54
1/19/22,3.426,11.53
1/20/22,3.402,11.55
1/21/22,3.415,11.54
1/22/22,3.388,11.57
1/23/22,3.377,11.58
1/24/22,3.345,11.61
1/25/22,3.361,11.6
1/26/22,3.361,11.6
1/27/22,3.354,11.6
1/28/22,3.349,11.61
1/29/22,3.329,11.63
1/30/22,3.317,11.64
1/31/22,3.328,11.63
2/1/22,3.342,11.61
2/2/22,3.35,11.61
2/2/22,3.35,11.61
2/3/22,3.349,11.61
2/4/22,3.365,11.59
2/5/22,3.352,11.6
2/6/22,3.353,11.6
2/7/22,3.352,11.6
2/8/22,3.332,11.62
2/9/22,3.311,11.64
2/10/22,3.294,11.66
2/11/22,3.287,11.67
2/12/22,3.291,11.66
2/13/22,3.294,11.66
2/14/22,3.3,11.66
2/15/22,3.31,11.65
2/16/22,3.321,11.64
2/17/22,3.339,11.62
2/18/22,3.336,11.62
2/19/22,3.336,11.62
2/20/22,3.339,11.62
2/21/22,3.353,11.6
2/22/22,3.371,11.58
2/23/22,3.375,11.58
2/24/22,3.372,11.58
2/25/22,3.385,11.57
2/26/22,3.397,11.56
2/27/22,3.39,11.57
2/28/22,3.406,11.55
3/1/22,3.399,11.56
3/2/22,3.416,11.54
3/3/22,3.416,11.54
3/4/22,3.426,11.53
3/5/22,3.442,11.51
3/6/22,3.449,11.51
3/7/22,3.468,11.49
3/8/22,3.462,11.49
3/9/22,3.463,11.49
3/10/22,3.472,11.48
3/11/22,3.474,11.48
3/12/22,3.481,11.48
3/13/22,3.452,11.5
3/14/22,3.404,11.55
3/15/22,3.399,11.56
3/16/22,3.394,11.56
3/17/22,3.4,11.56
3/18/22,3.392,11.56
3/19/22,3.382,11.57
3/20/22,3.379,11.58
3/21/22,3.366,11.59
3/22/22,3.375,11.58
3/23/22,3.393,11.56
3/24/22,3.396,11.56
3/25/22,3.38,11.58
3/26/22,3.303,11.65
3/27/22,3.296,11.66
3/28/22,3.288,11.67
3/29/22,3.298,11.66
3/30/22,3.311,11.64
3/31/22,3.325,11.63
4/1/22,3.332,11.62
4/2/22,3.329,11.63
4/3/22,3.323,11.63
4/4/22,3.33,11.63
4/5/22,3.343,11.61
4/6/22,3.355,11.6
4/7/22,3.321,11.64
4/8/22,3.305,11.65
4/9/22,3.289,11.67
4/10/22,3.301,11.66
4/11/22,3.297,11.66
4/12/22,3.32,11.64
4/13/22,3.32,11.64
4/14/22,3.339,11.62
4/15/22,3.343,11.61
4/16/22,3.347,11.61
4/17/22,3.361,11.6
4/18/22,3.38,11.58
4/19/22,3.374,11.58
4/20/22,3.368,11.59
4/21/22,3.39,11.57
4/22/22,3.4,11.56
4/23/22,3.41,11.55
4/24/22,3.409,11.55
4/25/22,3.425,11.53
4/25/22,3.43,11.53
4/26/22,3.442,11.51
4/27/22,3.625,11.33
4/28/22,3.607,11.35
4/29/22,3.64,11.32
4/30/22,3.625,11.33
5/1/22,3.621,11.34
5/2/22,3.65,11.31
5/3/22,3.677,11.28
5/4/22,3.71,11.25
5/5/22,3.226,11.73
5/6/22,3.046,11.91
5/7/22,3.036,11.92
5/8/22,3.083,11.87
5/9/22,3.117,11.84
5/10/22,3.148,11.81
5/11/22,3.187,11.77
5/12/22,3.198,11.76
5/13/22,3.226,11.73
5/14/22,3.224,11.73
5/15/22,3.246,11.71
5/16/22,3.276,11.68
5/17/22,3.172,11.78
5/18/22,3.168,11.79
5/19/22,3.19,11.77
5/20/22,3.257,11.7
5/21/22,3.331,11.62
5/22/22,3.362,11.59
5/23/22,3.382,11.57
5/24/22,3.403,11.55
5/25/22,3.178,11.78
5/26/22,3.149,11.81
5/27/22,3.164,11.79
5/28/22,3.179,11.78
5/29/22,3.249,11.71
5/30/22,3.313,11.64
5/31/22,3.347,11.61
6/1/22,3.39,11.57
6/2/22,3.439,11.52
6/3/22,3.48,11.48
6/4/22,3.496,11.46
6/5/22,3.517,11.44
6/6/22,3.576,11.38
6/7/22,3.615,11.34
6/8/22,3.649,11.31
6/9/22,3.653,11.3
6/10/22,3.699,11.26
6/11/22,3.737,11.22
6/12/22,3.761,11.2
6/13/22,3.495,11.46
6/14/22,3.382,11.57
6/15/22,3.431,11.52
6/16/22,3.501,11.46
6/17/22,3.517,11.44
6/18/22,3.546,11.41
6/19/22,3.621,11.34
6/20/22,3.663,11.29
6/21/22,3.704,11.25
6/22/22,3.721,11.24
6/23/22,3.734,11.22
6/24/22,3.736,11.22
6/25/22,3.765,11.19
6/26/22,3.804,11.15
6/27/22,3.841,11.11
6/28/22,3.868,11.09
6/29/22,3.908,11.05
6/30/22,3.937,11.02
7/1/22,3.942,11.01
7/2/22,3.916,11.04
7/3/22,3.839,11.12
7/4/22,3.634,11.32
7/5/22,3.636,11.32
7/6/22,3.635,11.32
7/7/22,3.508,11.45
7/8/22,3.49,11.47
7/9/22,3.395,11.56
7/10/22,3.345,11.61
7/11/22,3.412,11.54
7/12/22,3.507,11.45
7/13/22,3.605,11.35
7/14/22,3.641,11.32
7/15/22,3.673,11.28
7/16/22,3.695,11.26
7/17/22,3.728,11.23
7/18/22,3.773,11.18
7/19/22,3.822,11.13
7/20/22,3.867,11.09
7/21/22,3.913,11.04
7/22/22,3.926,11.03
7/23/22,3.913,11.04
7/24/22,3.956,11
7/25/22,3.982,10.97
7/26/22,4.035,10.92
7/27/22,4.056,10.9
7/28/22,4.074,10.88
7/29/22,4.109,10.85
7/30/22,4.156,10.8
7/31/22,4.19,10.77
8/1/22,4.194,10.76
8/2/22,4.172,10.78
8/2/22,4.17,10.79
10/29/22,4.59,10.37
,,