Ref,Location,Status,Plot,Year,Month,Date,CO2_Rs,Soil_temp,WTL,CO2_Rs_check,Latitude,Longitude
Armstrong,PLNWR,Restored,C13,2016,April,,0.513102514,18.25,-58.7977417,0.513103101,,
Armstrong,PLNWR,Restored,C14,2016,April,,1.21656561,19.625,-82.7770792,1.216566962,,
Armstrong,PLNWR,Drained,D16_A,2016,April,,0.06375958,21.375,-38.0703708,0.08501287,,
Armstrong,PLNWR,Drained,D16_B,2016,April,,0.182742324,19.625,-35.5043167,0.182742533,,
Armstrong,PLNWR,Restored,C13,2016,May,,0.375360701,20.625,-59.7332583,0.3656975,,
Armstrong,PLNWR,Drained,D16_A,2016,May,,0.044167489,19.75,-31.4438042,0.2213631,,
Armstrong,PLNWR,Drained,D16_B,2016,May,,0.147209866,18.875,-31.0473958,0.147191467,,
Armstrong,PLNWR,Restored,C13,2016,June,,1.466049054,24.25,-59.6392292,1.466828986,,
Armstrong,PLNWR,Restored,C14,2016,June,,1.922512232,18,-87.2283458,2.56471362,,
Armstrong,PLNWR,Drained,D16_A,2016,June,,0.557878979,23.375,-34.5892583,0.558175769,,
Armstrong,PLNWR,Drained,D16_B,2016,June,,0.374512545,21.375,-36.939475,0.374711784,,
Armstrong,PLNWR,Restored,C13,2016,August,,0.531079783,29.25,-55.6100542,0.530966895,,
Armstrong,PLNWR,Drained,D16_A,2016,August,,0.406819823,26.75,-41.3044375,0.406733348,,
Armstrong,PLNWR,Restored,C13,2016,September,,0.497497076,25.72,-19.2603083,0.497354974,,
Armstrong,PLNWR,Restored,C14,2016,September,,0.379906615,,-26.2929125,0.5063975,,
Armstrong,PLNWR,Drained,D16_A,2016,September,,0.247956207,24.625,-30.3535167,0.2549656,,
Armstrong,PLNWR,Drained,D16_B,2016,September,,0.350793847,25,-31.9837292,0.3506936,,
Armstrong,PLNWR,Restored,C13,2016,October,,0.098576088,15.5,-25.2946042,0.098534642,,
Armstrong,PLNWR,Restored,C14,2016,October,,0.172456239,15.625,-43.484025,0.172383728,,
Armstrong,PLNWR,Drained,D16_A,2016,October,,0.1286172,17,-35.4457458,0.128563123,,
Armstrong,PLNWR,Drained,D16_B,2016,October,,0.262814715,16.125,-38.3488458,0.262704213,,
Armstrong,PLNWR,Restored,C13,2017,January,,0.054423606,9.5,-77.1044125,0.054423606,,
Armstrong,PLNWR,Restored,C14,2017,January,,0.148771283,9.875,-62.6044125,0.148771283,,
Armstrong,PLNWR,Drained,D16_A,2017,January,,0.065506419,14.25,-34.1854167,0.065506419,,
Armstrong,PLNWR,Restored,C13,2017,February,,0.078734858,14.875,-29.4007333,0.078734858,,
Armstrong,PLNWR,Restored,C14,2017,February,,0.129407684,13.875,-53.9441396,0.129407684,,
Armstrong,PLNWR,Drained,D16_A,2017,February,,0.071965987,15.25,-80.1620354,0.071965987,,
Armstrong,PLNWR,Drained,D16_B,2017,February,,0.047194652,14.375,-38.2821646,0.047194652,,
Armstrong,PLNWR,Restored,C13,2017,March,,0.024036013,9.75,-39.4115104,0.024036013,,
Armstrong,PLNWR,Restored,C14,2017,March,,0.072899103,10,-44.8213354,0.072899103,,
Armstrong,PLNWR,Drained,D16_A,2017,March,,0.034395263,9.625,-39.7539708,0.034395263,,
Armstrong,PLNWR,Drained,D16_B,2017,March,,0.0440329,8.625,-32.4337,0.0440329,,
Armstrong,PLNWR,Restored,C13,2017,April,,0.330029261,22,-37.4562958,0.330029638,,
Armstrong,PLNWR,Restored,C14,2017,April,,0.157093278,21,-46.5500667,0.157093457,,
Armstrong,PLNWR,Drained,D16_A,2017,April,,0.12960316,19.625,-39.6312917,0.129603308,,
Armstrong,PLNWR,Drained,D16_B,2017,April,,0.225907905,19.125,-38.2832417,0.225908163,,
Armstrong,PLNWR,Restored,C13,2017,June,,0.289278187,22,-3.4577792,0.289432081,,
Armstrong,PLNWR,Restored,C14,2017,June,,0.243059397,21,-6.037275,0.2749033,,
Armstrong,PLNWR,Drained,D16_A,2017,June,,0.305641714,19.625,-37.210575,0.3058043,,
Armstrong,PLNWR,Drained,D16_B,2017,June,,0.349302961,19.125,-33.1573042,0.349488788,,
Armstrong,PLNWR,Restored,C13,2017,July,,0.091394585,27,-21.4597167,0.33511467,,
Armstrong,PLNWR,Restored,C14,2017,July,,0.129506412,28.5,-18.6004917,0.474860464,,
Armstrong,PLNWR,Drained,D16_A,2017,July,,0.091023587,26,-55.8166917,0.335806363,,
Armstrong,PLNWR,Drained,D16_B,2017,July,,0.142632353,26.25,-47.5159292,0.522988952,,
Armstrong,PLNWR,Restored,C13,2017,September,,0.072698765,21,-24.5075955,0.26648493,,
Armstrong,PLNWR,Restored,C14,2017,September,,0.074196193,18,-3.7570458,0.3626354,,
Armstrong,PLNWR,Drained,D16_A,2017,September,,0.040181477,20.5,-39.6484682,0.169095057,,
Armstrong,PLNWR,Drained,D16_B,2017,September,,0.058807797,20.25,-39.1862682,0.215567284,,
Armstrong,PLNWR,Restored,C13,2017,October,,0.046015347,23.75,-41.5999,0.168650942,,
Armstrong,PLNWR,Restored,C14,2017,October,,0.125487762,24.5,-39.2914,0.6132401,,
Armstrong,PLNWR,Drained,D16_A,2017,October,,0.088649273,24.625,-48.32815,0.317141931,,
Armstrong,PLNWR,Drained,D16_B,2017,October,,0.059718109,25,-48.2288,0.218872609,,
Helton,TLRP,Restored,109,2011,March,22,0.068489895,20.775,-5.5,,,
Helton,TLRP,Restored,120,2011,March,22,0.071144929,16.28333333,,,,
Helton,TLRP,Restored,206,2011,March,22,0.063992686,,-34.625,,,
Helton,TLRP,Restored,209,2011,March,22,0.189178943,15.11666667,,,,
Helton,TLRP,Restored,216,2011,March,22,0.130569719,13.70833333,,,,
Helton,TLRP,Restored,315,2011,March,22,0.063782769,,-39.83333333,,,
Helton,TLRP,Restored,318,2011,March,22,0.058443787,21.61666667,-8.541666667,,,
Helton,TLRP,Restored,320,2011,March,22,0.304385994,12.475,,,,
Helton,TLRP,Restored,601,2011,March,22,0.096079185,,-29.125,,,
Helton,TLRP,Restored,602,2011,March,22,0.031048106,13.375,-5.833333333,,,
Helton,TLRP,Restored,603,2011,March,22,0.090286616,11.6,,,,
Helton,TLRP,Restored,105B,2011,March,22,,,-53.125,,,
Helton,TLRP,Restored,1A01,2011,March,22,0.139006334,,-37,,,
Helton,TLRP,Restored,1A02,2011,March,22,0.098574394,14.41666667,-6.458333333,,,
Helton,TLRP,Restored,1A03,2011,March,22,0.171233101,13.53333333,,,,
Helton,TLRP,Restored,109,2011,June,21,0.489884989,25.7,,,,
Helton,TLRP,Restored,120,2011,June,21,0.388058204,28.30833333,,,,
Helton,TLRP,Restored,206,2011,June,21,0.098615757,,-13.70833333,,,
Helton,TLRP,Restored,209,2011,June,21,0.386520904,22.51666667,,,,
Helton,TLRP,Restored,216,2011,June,21,0.273653888,22.875,,,,
Helton,TLRP,Restored,315,2011,June,21,0.097500991,,-12.70833333,,,
Helton,TLRP,Restored,318,2011,June,21,0.733816478,22.53333333,,,,
Helton,TLRP,Restored,320,2011,June,21,1.217833758,22.61666667,,,,
Helton,TLRP,Restored,601,2011,June,21,0.039510516,,-23.5,,,
Helton,TLRP,Restored,602,2011,June,21,0.623840456,23.65833333,,,,
Helton,TLRP,Restored,603,2011,June,21,0.639717564,22.94166667,,,,
Helton,TLRP,Restored,105B,2011,June,21,0.035117362,,-22.625,,,
Helton,TLRP,Restored,1A01,2011,June,21,0.141710586,,-20.09222222,,,
Helton,TLRP,Restored,1A02,2011,June,21,0.384955434,21.14166667,,,,
Helton,TLRP,Restored,1A03,2011,June,21,0.391676914,23.175,,,,
Helton,TLRP,Restored,101,2011,October,25,0.428422289,,,,,
Helton,TLRP,Restored,109,2011,October,25,0.164531959,,-2,,,
Helton,TLRP,Restored,120,2011,October,25,0.281577268,15.64166667,,,,
Helton,TLRP,Restored,206,2011,October,25,0.025104845,,-18.66666667,,,
Helton,TLRP,Restored,209,2011,October,25,0.310207413,14.225,,,,
Helton,TLRP,Restored,216,2011,October,25,0.24695874,14.025,,,,
Helton,TLRP,Restored,315,2011,October,25,0.037194803,,-39.125,,,
Helton,TLRP,Restored,318,2011,October,25,0.060597079,,-10.29166667,,,
Helton,TLRP,Restored,320,2011,October,25,0.225252925,16.53333333,,,,
Helton,TLRP,Restored,601,2011,October,25,0.094287363,,-45.66666667,,,
Helton,TLRP,Restored,602,2011,October,25,0.049828373,,-7.958333333,,,
Helton,TLRP,Restored,603,2011,October,25,0.095737504,14.1,,,,
Helton,TLRP,Restored,105B,2011,October,25,0.138241582,,-54.3125,,,
Helton,TLRP,Restored,1A01,2011,October,25,0.058209855,,-37.9375,,,
Helton,TLRP,Restored,1A02,2011,October,25,0.128097838,,-9.75,,,
Helton,TLRP,Restored,1A03,2011,October,25,0.295654364,16.475,,,,
Helton,TLRP,Restored,601,2012,May,22,0.026962462,,-43.83333333,,,
Helton,TLRP,Restored,602,2012,May,22,0.218458736,20.25,,,,
Helton,TLRP,Restored,603,2012,May,22,0.179818472,20.15,,,,
Helton,TLRP,Restored,1A01,2012,May,22,0.040630217,,-20,,,
Helton,TLRP,Restored,1A02,2012,May,22,0.175083818,,,,,
Helton,TLRP,Restored,1A03,2012,May,22,0.957456168,,,,,
Helton,TLRP,Restored,M01,2012,May,22,0.024593815,,-40,,,
Helton,TLRP,Restored,M02,2012,May,22,0.083446568,27.4,-9.930555556,,,
Helton,TLRP,Restored,M03,2012,May,22,0.024747935,28.35,-4.611111111,,,
Helton,TLRP,Restored,601,2012,July,25,0.037346896,,-69.08333333,,,
Helton,TLRP,Restored,602,2012,July,25,0.280666187,25.81666667,,,,
Helton,TLRP,Restored,603,2012,July,25,0.299993202,25.275,,,,
Helton,TLRP,Restored,1A01,2012,July,25,0.131236128,,-25.5,,,
Helton,TLRP,Restored,1A02,2012,July,25,0.067010589,24.53076923,,,,
Helton,TLRP,Restored,1A03,2012,July,25,0.482168655,24.75,,,,
Helton,TLRP,Restored,M01,2012,July,25,0.021195685,,-35.75,,,
Helton,TLRP,Restored,M02,2012,July,25,0.18871849,34.025,-5.125,,,
Helton,TLRP,Restored,M03,2012,July,25,0.111979072,30.45,,,,
Helton,TLRP,Restored,601,2012,August,27,0.06667288,,-90.83333333,,,
Helton,TLRP,Restored,602,2012,August,27,0.359292231,24.51666667,,,,
Helton,TLRP,Restored,603,2012,August,27,0.587121467,24.53333333,,,,
Helton,TLRP,Restored,1A01,2012,August,27,0.053666912,,-29.5,,,
Helton,TLRP,Restored,1A02,2012,August,27,0.176479862,24.23333333,-5.545454545,,,
Helton,TLRP,Restored,1A03,2012,August,27,0.501091621,22.975,,,,
Helton,TLRP,Restored,M01,2012,August,27,0.057561799,,-44.58333333,,,
Helton,TLRP,Restored,M02,2012,August,27,0.204623931,,-13,,,
Helton,TLRP,Restored,M03,2012,August,27,0.030878157,,-7.208333333,,,
Helton,TLRP,Restored,601,2012,October,3,0.03621884,,-61.16666667,,,
Helton,TLRP,Restored,602,2012,October,3,0.116897436,21.225,,,,
Helton,TLRP,Restored,603,2012,October,3,0.16497904,21.05,,,,
Helton,TLRP,Restored,1A01,2012,October,3,0.019766357,,-23.16666667,,,
Helton,TLRP,Restored,1A02,2012,October,3,0.143563362,24.47777778,-1,,,
Helton,TLRP,Restored,1A03,2012,October,3,0.518160236,23.13333333,,,,
Helton,TLRP,Restored,M01,2012,October,3,0.178582178,,-37.16666667,,,
Helton,TLRP,Restored,M02,2012,October,3,0.169496391,,-11.66666667,,,
Helton,TLRP,Restored,M03,2012,October,3,0.07212331,,-7.416666667,,,
USFWS,PLNWR,Restored,B7_1,2011,August,10,0.493938337,,-101.773,,35.67,-76.5
USFWS,PLNWR,Restored,C2 T2_1,2011,August,10,0.602765257,,-107.9,,35.66,-76.47
USFWS,PLNWR,Restored,D11 T1_1,2011,August,10,0.873401261,,-132.128,,35.631,-76.49
USFWS,PLNWR,Restored,D11 T3_1,2011,August,10,0.421919108,,-111.574,,35.631,-76.49
USFWS,PLNWR,Drained,C14 T1_1,2011,August,10,1.229231768,,-149.972,,35.6395,-76.4976
USFWS,PLNWR,Drained,C14 T2_1,2011,August,10,0.516974263,,-124.517,,35.6395,-76.4976
USFWS,PLNWR,Drained,C14 T3_1,2011,August,10,0.528335105,,-135.6,,35.6395,-76.4976
USFWS,PLNWR,Restored,B7_1,2011,October,19,0.160454365,,-14.4,,35.67,-76.5
USFWS,PLNWR,Restored,C2 T2_1,2011,October,19,0.097407138,,-37.6,,35.66,-76.47
USFWS,PLNWR,Restored,D11 T1_1,2011,October,19,0.055413395,,-61.902216,,35.631,-76.49
USFWS,PLNWR,Restored,D11 T3_1,2011,October,19,0.090156058,,-31.368632,,35.631,-76.49
USFWS,PLNWR,Drained,C14 T1_1,2011,October,19,0.157962731,,-64.371952,,35.6395,-76.4976
USFWS,PLNWR,Drained,C14 T2_1,2011,October,19,0.126899743,,-69.180336,,35.6395,-76.4976
USFWS,PLNWR,Drained,C14 T3_1,2011,October,19,0.218334096,,-84.421784,,35.6395,-76.4976
USFWS,PLNWR,Restored,B7_1,2011,November,22,0.260343768,,-22.2,,35.67,-76.5
USFWS,PLNWR,Restored,C2 T2_1,2011,November,22,0.168046962,,-45.6,,35.66,-76.47
USFWS,PLNWR,Restored,D11 T1_1,2011,November,22,0.148709476,,-72.466584,,35.631,-76.49
USFWS,PLNWR,Restored,D11 T3_1,2011,November,22,0.199322557,,-37.409768,,35.631,-76.49
USFWS,PLNWR,Drained,C14 T1_1,2011,November,22,0.183923218,,-68.919568,,35.6395,-76.4976
USFWS,PLNWR,Drained,C14 T2_1,2011,November,22,0.204856031,,-73.130544,,35.6395,-76.4976
USFWS,PLNWR,Drained,C14 T3_1,2011,November,22,0.183546219,,-91.093856,,35.6395,-76.4976
USFWS,PLNWR,Restored,B7_1,2011,December,17,0.130712881,,-26.6,,35.67,-76.5
USFWS,PLNWR,Restored,C2 T2_1,2011,December,17,0.046017233,,-54.6,,35.66,-76.47
USFWS,PLNWR,Restored,D11 T1_1,2011,December,17,0.02721937,,-80.650464,,35.631,-76.49
USFWS,PLNWR,Restored,D11 T3_1,2011,December,17,0.061968079,,-43.24364,,35.631,-76.49
USFWS,PLNWR,Drained,C14 T1_1,2011,December,17,0.080225702,,-74.076784,,35.6395,-76.4976
USFWS,PLNWR,Drained,C14 T2_1,2011,December,17,0.11187857,,-77.760456,,35.6395,-76.4976
USFWS,PLNWR,Drained,C14 T3_1,2011,December,17,0.08562873,,-95.40068,,35.6395,-76.4976
USFWS,PLNWR,Restored,B7_1,2012,January,24,0.24963113,,-26.5,,35.67,-76.5
USFWS,PLNWR,Restored,C2 T2_1,2012,January,24,0.100265344,,-21.6,,35.66,-76.47
USFWS,PLNWR,Restored,D11 T1_1,2012,January,24,0.084046647,,-76.352784,,35.631,-76.49
USFWS,PLNWR,Restored,D11 T3_1,2012,January,24,0.146187869,,-36.952568,,35.631,-76.49
USFWS,PLNWR,Drained,C14 T1_1,2012,January,24,0.195478683,,-69.437728,,35.6395,-76.4976
USFWS,PLNWR,Restored,B7_1,2012,February,26,0.068355399,,-20.1,,35.67,-76.5
USFWS,PLNWR,Restored,C2 T2_1,2012,February,26,0.05232833,,-28.6,,35.66,-76.47
USFWS,PLNWR,Restored,D11 T1_1,2012,February,26,0.052148499,,-57.970296,,35.631,-76.49
USFWS,PLNWR,Restored,D11 T3_1,2012,February,26,0.048923113,,-30.719408,,35.631,-76.49
USFWS,PLNWR,Drained,C14 T1_1,2012,February,26,0.106371453,,-65.237584,,35.6395,-76.4976
USFWS,PLNWR,Drained,C14 T2_1,2012,February,26,0.057092788,,-63.203208,,35.6395,-76.4976
USFWS,PLNWR,Drained,C14 T3_1,2012,February,26,0.084724832,,-80.934872,,35.6395,-76.4976
USFWS,PLNWR,Restored,B7_1,2012,March,27,0.17920427,,-17.27,,35.67,-76.5
USFWS,PLNWR,Restored,C2 T2_1,2012,March,27,0.124189389,,-26.65,,35.66,-76.47
USFWS,PLNWR,Restored,D11 T1_1,2012,March,27,0.112836621,,-58.87,,35.631,-76.49
USFWS,PLNWR,Drained,C14 T1_1,2012,March,27,0.127612633,,-62,,35.6395,-76.4976
USFWS,PLNWR,Drained,C14 T2_1,2012,March,27,0.117050631,,-62.2,,35.6395,-76.4976
USFWS,PLNWR,Drained,C14 T3_1,2012,March,27,0.089622667,,-75.99,,35.6395,-76.4976
USFWS,PLNWR,Restored,B7_1,2012,April,27,0.115894085,,-19.85,,35.67,-76.5
USFWS,PLNWR,Restored,C2 T2_1,2012,April,27,0.118993732,,-29.69,,35.66,-76.47
USFWS,PLNWR,Restored,D11 T1_1,2012,April,27,0.155402427,,-61.3,,35.631,-76.49
USFWS,PLNWR,Drained,C14 T1_1,2012,April,27,0.333124774,,-65.15,,35.6395,-76.4976
USFWS,PLNWR,Drained,C14 T2_1,2012,April,27,0.279415785,,-63.02,,35.6395,-76.4976
USFWS,PLNWR,Drained,C14 T3_1,2012,April,27,0.299548005,,-80.22,,35.6395,-76.4976
USFWS,PLNWR,Restored,B7_1,2012,May,19,0.323249964,,-25.2,,35.67,-76.5
USFWS,PLNWR,Restored,C2 T2_1,2012,May,19,0.255937038,,-35.26,,35.66,-76.47
USFWS,PLNWR,Restored,D11 T1_1,2012,May,19,0.185526923,,-65.74,,35.631,-76.49
USFWS,PLNWR,Drained,C14 T1_1,2012,May,19,0.345365315,,-68.26,,35.6395,-76.4976
USFWS,PLNWR,Drained,C14 T2_1,2012,May,19,0.247572652,,-69.62,,35.6395,-76.4976
USFWS,PLNWR,Drained,C14 T3_1,2012,May,19,0.427230762,,-88.16,,35.6395,-76.4976
USFWS,PLNWR,Restored,B7_1,2012,June,27,0.560521922,,-21.88,,35.67,-76.5
USFWS,PLNWR,Restored,C2 T2_1,2012,June,27,0.278451777,,-48.85,,35.66,-76.47
USFWS,PLNWR,Restored,D11 T1_1,2012,June,27,0.325375348,,-64.61,,35.631,-76.49
USFWS,PLNWR,Drained,C14 T1_1,2012,June,27,0.481104634,,-71.81,,35.6395,-76.4976
USFWS,PLNWR,Drained,C14 T2_1,2012,June,27,0.3745686,,-79.61,,35.6395,-76.4976
USFWS,PLNWR,Drained,C14 T3_1,2012,June,27,0.70154734,,-90.6,,35.6395,-76.4976
USFWS,PLNWR,Restored,B7_1,2012,July,30,0.374842103,,-18.56,,35.67,-76.5
USFWS,PLNWR,Restored,C2 T2_1,2012,July,30,0.426524606,,-36.43,,35.66,-76.47
USFWS,PLNWR,Restored,D11 T1_1,2012,July,30,0.42076398,,-58.23,,35.631,-76.49
USFWS,PLNWR,Drained,C14 T1_1,2012,July,30,0.586126174,,-73.48,,35.6395,-76.4976
USFWS,PLNWR,Drained,C14 T2_1,2012,July,30,0.533648352,,-76.01,,35.6395,-76.4976
USFWS,PLNWR,Drained,C14 T3_1,2012,July,30,0.428089237,,-71,,35.6395,-76.4976
USFWS,PLNWR,Restored,B7_1,2012,September,11,0.285287776,,-2.7,,35.67,-76.5
USFWS,PLNWR,Restored,C2 T2_1,2012,September,11,0.339956724,,-18.46,,35.66,-76.47
USFWS,PLNWR,Restored,D11 T1_1,2012,September,11,0.267458514,,-31.7,,35.631,-76.49
USFWS,PLNWR,Drained,C14 T1_1,2012,September,11,0.407920726,,-58.87,,35.6395,-76.4976
USFWS,PLNWR,Drained,C14 T2_1,2012,September,11,0.238957438,,-59.35,,35.6395,-76.4976
USFWS,PLNWR,Drained,C14 T3_1,2012,September,11,0.562920025,,-75.8,,35.6395,-76.4976
USFWS,PLNWR,Restored,B7_1,2012,November,12,0.097704809,,-10.56,,35.67,-76.5
USFWS,PLNWR,Restored,C2 T2_1,2012,November,12,0.073184646,,-31.24,,35.66,-76.47
USFWS,PLNWR,Restored,D11 T1_1,2012,November,12,0.0760601,,-37.49,,35.631,-76.49
USFWS,PLNWR,Drained,C14 T1_1,2012,November,12,0.101600362,,-68.1,,35.6395,-76.4976
USFWS,PLNWR,Drained,C14 T2_1,2012,November,12,0.05974586,,-70.49,,35.6395,-76.4976
USFWS,PLNWR,Drained,C14 T3_1,2012,November,12,0.084238205,,-85.35,,35.6395,-76.4976
USFWS,PLNWR,Restored,B7_1,2013,January,29,0.062228568,,-11.74,,35.67,-76.5
USFWS,PLNWR,Restored,C2 T2_1,2013,January,29,0.041693823,,30.68,,35.66,-76.47
USFWS,PLNWR,Restored,D11 T1_1,2013,January,29,0.040363755,,-54.79,,35.631,-76.49
USFWS,PLNWR,Drained,C14 T1_1,2013,January,29,0.043592565,,-68.05,,35.6395,-76.4976
USFWS,PLNWR,Drained,C14 T2_1,2013,January,29,0.035147206,,-69.85,,35.6395,-76.4976
USFWS,PLNWR,Drained,C14 T3_1,2013,January,29,0.04768865,,-86.76,,35.6395,-76.4976
Odoherty,HF,Drained,0,2011,July,12,0.72,,,,,
Odoherty,HF,Drained,50,2011,July,12,0.676666667,30.53413,,,,
Odoherty,HF,Drained,100,2011,July,12,0.683333333,28.05421,,,,
Odoherty,HF,Drained,150,2011,July,12,0.456666667,29.50083,,,,
Odoherty,HF,Drained,0,2011,July,20,0.38,32.70406,,,,
Odoherty,HF,Drained,50,2011,July,20,0.57,42.21042,,,,
Odoherty,HF,Drained,100,2011,July,20,0.753333333,33.11738,,,,
Odoherty,HF,Drained,150,2011,July,20,0.42,34.87399,,,,
Odoherty,HF,Drained,0,2011,July,27,0.303333333,30.22414,,,,
Odoherty,HF,Drained,50,2011,July,27,0.466666667,35.08065,,,,
Odoherty,HF,Drained,100,2011,July,27,0.836666667,32.60073,,,,
Odoherty,HF,Drained,150,2011,July,27,0.343333333,34.87399,,,,
Odoherty,HF,Drained,0,2011,August,2,0.72,32.18741,-53.34,,,
Odoherty,HF,Drained,50,2011,August,2,0.893333333,32.18741,-79.248,,,
Odoherty,HF,Drained,100,2011,August,2,1.663333333,21.02777,,,,
Odoherty,HF,Drained,150,2011,August,2,0.643333333,32.4974,,,,
Odoherty,HF,Drained,0,2011,September,9,1.036666667,24.74765,-50.5968,,,
Odoherty,HF,Drained,50,2011,September,9,1.816666667,25.47096,-56.388,,,
Odoherty,HF,Drained,100,2011,September,9,0.823333333,22.99104,-56.388,,,
Odoherty,HF,Drained,150,2011,September,9,1.293333333,23.61102,-54.864,,,
Odoherty,HF,Drained,0,2011,October,21,0.656666667,19.16783,-28.956,,,
Odoherty,HF,Drained,50,2011,October,21,0.876666667,18.34119,-33.528,,,
Odoherty,HF,Drained,100,2011,October,21,0.566666667,18.65118,-42.672,,,
Odoherty,HF,Drained,150,2011,October,21,0.97,19.58115,-48.768,,,
Odoherty,HF,Drained,0,2011,November,18,0.226666667,12.24472,-12.8016,,,
Odoherty,HF,Drained,50,2011,November,18,0.386666667,12.96803,-19.5072,,,
Odoherty,HF,Drained,100,2011,November,18,0.423333333,12.03806,-33.528,,,
Odoherty,HF,Drained,150,2011,November,18,0.52,12.45138,-54.864,,,
Odoherty,HF,Drained,0,2012,January,27,0.176666667,15.24129,-3.048,,,
Odoherty,HF,Drained,50,2012,January,27,0.316666667,16.17126,-4.572,,,
Odoherty,HF,Drained,100,2012,January,27,0.286666667,14.41465,-28.956,,,
Odoherty,HF,Drained,150,2012,January,27,0.29,15.13796,-34.1376,,,
Odoherty,HF,Drained,0,2012,February,17,0.183333333,12.5,-8.5344,,,
Odoherty,HF,Drained,50,2012,February,17,0.216666667,13.2,-40.5384,,,
Odoherty,HF,Drained,100,2012,February,17,0.163333333,13.1,-53.34,,,
Odoherty,HF,Drained,150,2012,February,17,0.21,12.5,-54.864,,,
Odoherty,HF,Drained,0,2012,March,23,0.52,20.3,-55.7784,,,
Odoherty,HF,Drained,50,2012,March,23,0.356666667,19.5,-60.96,,,
Odoherty,HF,Drained,100,2012,March,23,0.726666667,16.9,-60.96,,,
Odoherty,HF,Drained,150,2012,March,23,0.866666667,17.3,-64.008,,,
Odoherty,HF,Drained,0,2012,May,25,0.406666667,31.1,-40.8432,,,
Odoherty,HF,Drained,50,2012,May,25,0.793333333,24.9,-56.6928,,,
Odoherty,HF,Drained,100,2012,May,25,1.18,24.9,,,,
Odoherty,HF,Drained,150,2012,May,25,1.116666667,25.6,-55.1688,,,
Odoherty,HF,Drained,0,2012,May,31,0.286666667,26.4,-36.2712,,,
Odoherty,HF,Drained,50,2012,May,31,0.37,28.6,-46.3296,,,
Odoherty,HF,Drained,100,2012,May,31,0.843333333,26.9,,,,
Odoherty,HF,Drained,150,2012,May,31,0.416666667,28.8,-43.8912,,,
Odoherty,HF,Drained,0,2012,June,7,0.58,27.3,-64.9224,,,
Odoherty,HF,Drained,50,2012,June,7,0.483333333,26.7,-95.0976,,,
Odoherty,HF,Drained,100,2012,June,7,0.423333333,25.4,,,,
Odoherty,HF,Drained,150,2012,June,7,0.636666667,27.3,-75.8952,,,
Odoherty,HF,Drained,0,2012,June,15,0.446666667,27,-85.6488,,,
Odoherty,HF,Drained,50,2012,June,15,0.456666667,26,-112.776,,,
Odoherty,HF,Drained,100,2012,June,15,0.576666667,24.6,,,,
Odoherty,HF,Drained,150,2012,June,15,0.67,25.5,-91.44,,,
Odoherty,HF,Drained,0,2012,June,20,0.62,29.3,-84.1248,,,
Odoherty,HF,Drained,50,2012,June,20,0.54,30.6,-122.2248,,,
Odoherty,HF,Drained,100,2012,June,20,0.663333333,30.1,,,,
Odoherty,HF,Drained,150,2012,June,20,0.683333333,30.2,-109.4232,,,
Odoherty,HF,Drained,0,2012,June,25,0.68,31.2,-85.344,,,
Odoherty,HF,Drained,50,2012,June,25,0.616666667,34.6,,,,
Odoherty,HF,Drained,100,2012,June,25,0.663333333,32.5,,,,
Odoherty,HF,Drained,150,2012,June,25,0.736666667,31.6,-104.5464,,,
Odoherty,HF,Drained,0,2012,July,6,0.573333333,35,-79.248,,,
Odoherty,HF,Drained,50,2012,July,6,0.57,34.4,-117.0432,,,
Odoherty,HF,Drained,100,2012,July,6,0.763333333,30.5,,,,
Odoherty,HF,Drained,150,2012,July,6,0.646666667,31.1,-90.8304,,,
Odoherty,HF,Restored,0,2011,June,16,0.796666667,18.34119,,,,
Odoherty,HF,Restored,65,2011,June,16,0.663333333,20.51112,,,,
Odoherty,HF,Restored,130,2011,June,16,0.64,20.0978,,,,
Odoherty,HF,Restored,195,2011,June,16,1.296666667,21.1311,,,,
Odoherty,HF,Restored,0,2011,June,23,1.05,21.64775,,,,
Odoherty,HF,Restored,65,2011,June,23,1.103333333,23.92101,,,,
Odoherty,HF,Restored,130,2011,June,23,1.323333333,22.68105,,,,
Odoherty,HF,Restored,195,2011,June,23,1.506666667,24.02434,,,,
Odoherty,HF,Restored,0,2011,June,27,0.906666667,23.81768,,,,
Odoherty,HF,Restored,65,2011,June,27,1.09,22.26773,,,,
Odoherty,HF,Restored,130,2011,June,27,1.243333333,22.47439,,,,
Odoherty,HF,Restored,195,2011,June,27,1.623333333,19.16783,,,,
Odoherty,HF,Restored,0,2011,July,6,1.183333333,22.26773,,,,
Odoherty,HF,Restored,65,2011,July,6,1.286666667,22.47439,,,,
Odoherty,HF,Restored,130,2011,July,6,1.08,19.47782,,,,
Odoherty,HF,Restored,195,2011,July,6,2.046666667,19.89114,,,,
Odoherty,HF,Restored,0,2011,July,12,0.876666667,22.57772,,,,
Odoherty,HF,Restored,65,2011,July,12,0.98,23.92101,,,,
Odoherty,HF,Restored,130,2011,July,12,1.23,23.61102,,,,
Odoherty,HF,Restored,195,2011,July,12,0.813333333,22.99104,,,,
Odoherty,HF,Restored,0,2011,July,20,1.486666667,21.85441,,,,
Odoherty,HF,Restored,65,2011,July,20,0.84,24.12767,,,,
Odoherty,HF,Restored,130,2011,July,20,1.29,21.44109,,,,
Odoherty,HF,Restored,195,2011,July,20,1.746666667,22.99104,,,,
Odoherty,HF,Restored,0,2011,July,27,1.3,26.71092,,,,
Odoherty,HF,Restored,130,2011,July,27,1.16,25.88428,,,,
Odoherty,HF,Restored,195,2011,July,27,1.3,26.19427,,,,
Odoherty,HF,Restored,0,2011,August,2,1.063333333,23.1977,,,,
Odoherty,HF,Restored,65,2011,August,2,0.99,23.40436,,,,
Odoherty,HF,Restored,130,2011,August,2,1.016666667,23.71435,,,,
Odoherty,HF,Restored,195,2011,August,2,1.25,27.43423,,,,
Odoherty,HF,Restored,0,2011,August,10,1.023333333,24.02434,-118.872,,,
Odoherty,HF,Restored,65,2011,August,10,1.083333333,25.16097,-128.016,,,
Odoherty,HF,Restored,130,2011,August,10,0.883333333,23.92101,-117.348,,,
Odoherty,HF,Restored,195,2011,August,10,1.113333333,25.05764,-111.8616,,,
Odoherty,HF,Restored,0,2011,September,9,0.793333333,20.51112,-12.192,,,
Odoherty,HF,Restored,65,2011,September,9,1.603333333,20.51112,-28.3464,,,
Odoherty,HF,Restored,130,2011,September,9,0.903333333,20.20113,-32.004,,,
Odoherty,HF,Restored,195,2011,September,9,1.043333333,20.40779,-51.816,,,
Odoherty,HF,Restored,0,2011,October,21,0.566666667,18.44452,-15.24,,,
Odoherty,HF,Restored,65,2011,October,21,0.686666667,18.34119,-30.48,,,
Odoherty,HF,Restored,130,2011,October,21,1.01,18.23786,-25.908,,,
Odoherty,HF,Restored,195,2011,October,21,0.996666667,18.44452,-45.72,,,
Odoherty,HF,Restored,0,2011,November,18,0.206666667,12.14139,-16.764,,,
Odoherty,HF,Restored,65,2011,November,18,0.446666667,14.62131,-38.1,,,
Odoherty,HF,Restored,130,2011,November,18,0.15,11.52141,-30.48,,,
Odoherty,HF,Restored,195,2011,November,18,0.193333333,10.69477,-54.864,,,
Odoherty,HF,Restored,0,2012,January,27,0.16,17.10123,-13.716,,,
Odoherty,HF,Restored,65,2012,January,27,0.57,15.24129,-27.432,,,
Odoherty,HF,Restored,130,2012,January,27,0.343333333,16.17126,-30.48,,,
Odoherty,HF,Restored,195,2012,January,27,0.33,15.44795,-48.768,,,
Odoherty,HF,Restored,0,2012,February,17,0.176666667,9.4,-15.8496,,,
Odoherty,HF,Restored,65,2012,February,17,0.333333333,10.9,-7.3152,,,
Odoherty,HF,Restored,130,2012,February,17,0.253333333,10.4,-39.624,,,
Odoherty,HF,Restored,195,2012,February,17,0.283333333,10.9,-48.768,,,
Odoherty,HF,Restored,0,2012,March,23,1.136666667,14.9,-15.24,,,
Odoherty,HF,Restored,65,2012,March,23,0.766666667,16.2,-7.9248,,,
Odoherty,HF,Restored,130,2012,March,23,0.903333333,15.8,-54.864,,,
Odoherty,HF,Restored,195,2012,March,23,0.546666667,15.9,-76.2,,,
Odoherty,HF,Restored,0,2012,May,25,1.09,22,-37.4904,,,
Odoherty,HF,Restored,65,2012,May,25,1.666666667,20.7,-52.7304,,,
Odoherty,HF,Restored,130,2012,May,25,0.983333333,21.4,-46.3296,,,
Odoherty,HF,Restored,195,2012,May,25,1.03,22.7,,,,
Odoherty,HF,Restored,0,2012,May,31,1.766666667,21.2,-30.48,,,
Odoherty,HF,Restored,65,2012,May,31,2.013333333,20,-46.6344,,,
Odoherty,HF,Restored,130,2012,May,31,0.956666667,20.4,-41.7576,,,
Odoherty,HF,Restored,195,2012,May,31,1.353333333,20.5,,,,
Odoherty,HF,Restored,0,2012,June,7,0.496666667,17.7,-41.4528,,,
Odoherty,HF,Restored,65,2012,June,7,0.696666667,17.8,-60.3504,,,
Odoherty,HF,Restored,130,2012,June,7,0.59,17.3,-58.8264,,,
Odoherty,HF,Restored,195,2012,June,7,0.71,19.3,,,,
Odoherty,HF,Restored,0,2012,June,15,0.866666667,18.5,-53.0352,,,
Odoherty,HF,Restored,65,2012,June,15,1.11,19.2,-72.2376,,,
Odoherty,HF,Restored,130,2012,June,15,1.26,19.4,-71.9328,,,
Odoherty,HF,Restored,195,2012,June,15,1.406666667,19.9,,,,
Odoherty,HF,Restored,0,2012,June,20,1.333333333,21.2,-90.2208,,,
Odoherty,HF,Restored,65,2012,June,20,1.573333333,23.4,-110.0328,,,
Odoherty,HF,Restored,130,2012,June,20,1.763333333,23.2,-113.3856,,,
Odoherty,HF,Restored,195,2012,June,20,1.926666667,24.4,,,,
Odoherty,HF,Restored,0,2012,June,25,1.283333333,20.2,-90.8304,,,
Odoherty,HF,Restored,65,2012,June,25,1.54,22.4,-115.824,,,
Odoherty,HF,Restored,130,2012,June,25,1.85,21.2,-116.7384,,,
Odoherty,HF,Restored,195,2012,June,25,2.016666667,23.7,,,,
Odoherty,HF,Restored,0,2012,July,6,2.376666667,22.2,-106.3752,,,
Odoherty,HF,Restored,65,2012,July,6,1.673333333,24.9,-119.1768,,,
Odoherty,HF,Restored,130,2012,July,6,1.29,24.3,-110.3376,,,
Odoherty,HF,Restored,195,2012,July,6,1.486666667,25.7,,,,
Gutenberg,GDS,Drained,M1,2015,May,19,0.42807261,19.875,,,36.582,-76.492
Gutenberg,GDS,Drained,M1,2015,June,23,0.513773748,23.5,,,36.582,-76.492
Gutenberg,GDS,Drained,M1,2015,July,16,0.30954002,21.525,,,36.582,-76.492
Gutenberg,GDS,Drained,M1,2015,August,20,0.549602783,22.9,,,36.582,-76.492
Gutenberg,GDS,Drained,M1,2015,September,27,0.365878818,20.65,-187.8854167,,36.582,-76.492
Gutenberg,GDS,Drained,M1,2015,October,23,0.22038657,14.975,-134.2083333,,36.582,-76.492
Gutenberg,GDS,Drained,M1,2015,November,16,0.184368625,12.65,-75.09375,,36.582,-76.492
Gutenberg,GDS,Drained,M1,2015,December,19,0.097551657,12.75,-48.20833333,,36.582,-76.492
Gutenberg,GDS,Drained,M1,2016,February,20,0.196212895,5.875,,,36.582,-76.492
Gutenberg,GDS,Drained,M1,2016,March,30,0.239543925,,-13.72916667,,36.582,-76.492
Gutenberg,GDS,Drained,M1,2016,April,24,0.21544419,15.025,-105.1354167,,36.582,-76.492
Gutenberg,GDS,Drained,M1,2016,May,19,0.264478603,14.875,-49.55208333,,36.582,-76.492
Gutenberg,GDS,Drained,M1,2016,June,15,0.47669652,19.675,-164.03125,,36.582,-76.492
Gutenberg,GDS,Drained,M1,2016,July,27,0.616065755,23.525,-150.75,,36.582,-76.492
Gutenberg,GDS,Drained,M1,2016,September,27,0.391444745,21.13333333,,,36.582,-76.492
Gutenberg,GDS,Drained,M1,2016,November,21,0.580802735,10.7,-77.33333333,,36.582,-76.492
Gutenberg,GDS,Drained,M1,2016,December,16,0.06226438,7.7,-80.89583333,,36.582,-76.492
Gutenberg,GDS,Drained,M1,2017,January,29,0.050636445,8.8,-34.85714286,,36.582,-76.492
Gutenberg,GDS,Drained,M1,2017,February,17,0.060349213,7.6,-97.14583333,,36.582,-76.492
Gutenberg,GDS,Drained,M1,2017,March,30,0.104825625,12.725,-112.2395833,,36.582,-76.492
Gutenberg,GDS,Drained,M1,2017,April,27,0.36616749,17.4,-109.3333333,,36.582,-76.492
Gutenberg,GDS,Drained,M2,2015,May,19,0.514432383,19.85,-104.8541667,,36.579,-76.487
Gutenberg,GDS,Drained,M2,2015,June,24,0.774994115,23.375,,,36.579,-76.487
Gutenberg,GDS,Drained,M2,2015,July,16,0.35612762,22.475,,,36.579,-76.487
Gutenberg,GDS,Drained,M2,2015,August,20,0.727385175,23.775,-102.375,,36.579,-76.487
Gutenberg,GDS,Drained,M2,2015,September,27,0.434288335,21.275,-135.0526316,,36.579,-76.487
Gutenberg,GDS,Drained,M2,2015,October,24,0.137361593,15.525,-104.25,,36.579,-76.487
Gutenberg,GDS,Drained,M2,2015,November,16,0.279482288,13.85,-67.45833333,,36.579,-76.487
Gutenberg,GDS,Drained,M2,2015,December,19,0.074721173,12.825,-68.5,,36.579,-76.487
Gutenberg,GDS,Drained,M2,2016,February,20,0.112720998,6.925,,,36.579,-76.487
Gutenberg,GDS,Drained,M2,2016,March,30,0.124988038,11.55,,,36.579,-76.487
Gutenberg,GDS,Drained,M2,2016,April,24,0.266922218,15.125,,,36.579,-76.487
Gutenberg,GDS,Drained,M2,2016,May,19,0.299957388,16.175,,,36.579,-76.487
Gutenberg,GDS,Drained,M2,2016,June,17,0.726599718,21.3,,,36.579,-76.487
Gutenberg,GDS,Drained,M2,2016,July,27,0.60916904,23.575,-82.33333333,,36.579,-76.487
Gutenberg,GDS,Drained,M2,2016,August,24,0.392583745,22.65,-97.47916667,,36.579,-76.487
Gutenberg,GDS,Drained,M2,2016,November,21,0.098038358,11.4,-72.51041667,,36.579,-76.487
Gutenberg,GDS,Drained,M2,2016,December,16,0.047557033,8.475,-54.5,,36.579,-76.487
Gutenberg,GDS,Drained,M2,2017,January,27,0.076344675,9.133333333,-17.01041667,,36.579,-76.487
Gutenberg,GDS,Drained,M2,2017,February,17,0.057416215,7.35,-96.41666667,,36.579,-76.487
Gutenberg,GDS,Drained,M2,2017,March,30,0.123890828,14.55,-96.63541667,,36.579,-76.487
Gutenberg,GDS,Drained,M2,2017,April,27,0.477552468,17.05,-92.45833333,,36.579,-76.487
Gutenberg,GDS,Drained,M3,2015,May,22,0.274356465,17.525,-49.66666667,,36.585,-76.495
Gutenberg,GDS,Drained,M3,2015,June,24,0.534441198,23.325,-149.7708333,,36.585,-76.495
Gutenberg,GDS,Drained,M3,2015,July,15,0.278873183,23.2,-53.80208333,,36.585,-76.495
Gutenberg,GDS,Drained,M3,2015,August,18,0.404526713,21.9,-114.1473684,,36.585,-76.495
Gutenberg,GDS,Drained,M3,2015,September,27,0.323620218,20.875,-161,,36.585,-76.495
Gutenberg,GDS,Drained,M3,2015,October,24,0.177481718,14.725,-76.45833333,,36.585,-76.495
Gutenberg,GDS,Drained,M3,2015,November,15,0.324425233,12.675,-34.5625,,36.585,-76.495
Gutenberg,GDS,Drained,M3,2015,December,20,0.11555951,11.2,-11.90625,,36.585,-76.495
Gutenberg,GDS,Drained,M3,2016,January,29,0.259420105,5.725,17.86458333,,36.585,-76.495
Gutenberg,GDS,Drained,M3,2016,February,19,0.135361448,5.725,12.9375,,36.585,-76.495
Gutenberg,GDS,Drained,M3,2016,March,31,0.16380701,12.425,8.864583333,,36.585,-76.495
Gutenberg,GDS,Drained,M3,2016,April,22,0.215962075,13.275,-30.83333333,,36.585,-76.495
Gutenberg,GDS,Drained,M3,2016,May,19,0.14055412,14.275,-6.3125,,36.585,-76.495
Gutenberg,GDS,Drained,M3,2016,June,17,0.34711542,20.55,-67.16666667,,36.585,-76.495
Gutenberg,GDS,Drained,M3,2016,July,27,0.385139618,28.5,-75.87096774,,36.585,-76.495
Gutenberg,GDS,Drained,M3,2016,August,25,0.281332238,22.025,-91.80208333,,36.585,-76.495
Gutenberg,GDS,Drained,M3,2016,November,21,0.193604413,10.45,,,36.585,-76.495
Gutenberg,GDS,Drained,M3,2016,December,18,0.093243085,7.3,-19.375,,36.585,-76.495
Gutenberg,GDS,Drained,M3,2017,January,29,0.12252248,6.775,-0.989247312,,36.585,-76.495
Gutenberg,GDS,Drained,M3,2017,February,18,0.139258563,7.925,-14.65625,,36.585,-76.495
Gutenberg,GDS,Drained,M3,2017,April,27,0.222156458,17.675,4.25,,36.585,-76.495
Gutenberg,GDS,Drained,P1,2015,May,21,0.2557017,20.85,4.03125,,36.559,-76.421
Gutenberg,GDS,Drained,P1,2015,June,26,0.251635163,22.4,16.21875,,36.559,-76.421
Gutenberg,GDS,Drained,P1,2015,July,15,0.25814587,21.625,24.08333333,,36.559,-76.421
Gutenberg,GDS,Drained,P1,2015,August,18,0.521401575,14.55,-30.64583333,,36.559,-76.421
Gutenberg,GDS,Drained,P1,2015,October,24,0.23664245,12.125,-37.19791667,,36.559,-76.421
Gutenberg,GDS,Drained,P1,2015,November,15,0.154421505,10.975,-29.44791667,,36.559,-76.421
Gutenberg,GDS,Drained,P1,2015,December,20,0.067198978,6.55,-23.875,,36.559,-76.421
Gutenberg,GDS,Drained,P1,2016,January,29,0.08558176,4.025,18.32291667,,36.559,-76.421
Gutenberg,GDS,Drained,P1,2016,February,19,0.1503319,11.575,48.45833333,,36.559,-76.421
Gutenberg,GDS,Drained,P1,2016,March,30,0.120618503,11.875,33.92708333,,36.559,-76.421
Gutenberg,GDS,Drained,P1,2016,April,22,0.21688501,15.1,9.083333333,,36.559,-76.421
Gutenberg,GDS,Drained,P1,2016,May,19,0.134741485,18.875,23.39583333,,36.559,-76.421
Gutenberg,GDS,Drained,P1,2016,June,15,0.245480048,22.775,-4.3125,,36.559,-76.421
Gutenberg,GDS,Drained,P1,2016,July,28,0.791929438,21.6,-21.89583333,,36.559,-76.421
Gutenberg,GDS,Drained,P1,2016,August,24,0.394060475,10.4,-35.16666667,,36.559,-76.421
Gutenberg,GDS,Drained,P1,2016,November,20,0.14847884,6.675,26.98958333,,36.559,-76.421
Gutenberg,GDS,Drained,P1,2016,December,17,0.121575938,7.333333333,35.69791667,,36.559,-76.421
Gutenberg,GDS,Drained,P1,2017,January,28,0.20947541,6.575,55.98958333,,36.559,-76.421
Gutenberg,GDS,Drained,P1,2017,February,18,0.064213063,9.85,42.15625,,36.559,-76.421
Gutenberg,GDS,Drained,P1,2017,March,31,0.100408405,17.725,41.28125,,36.559,-76.421
Gutenberg,GDS,Drained,P1,2017,April,29,0.220188218,,45.14583333,,36.559,-76.421
Gutenberg,GDS,Drained,P2,2015,May,19,0.456438493,18.4,-132.59375,,36.555,-76.417
Gutenberg,GDS,Drained,P2,2015,June,23,0.591653073,22.06666667,-133.1145833,,36.555,-76.417
Gutenberg,GDS,Drained,P2,2015,July,16,0.48791013,22.16666667,-94.30208333,,36.555,-76.417
Gutenberg,GDS,Drained,P2,2015,August,19,0.762135478,22.13333333,-141.21875,,36.555,-76.417
Gutenberg,GDS,Drained,P2,2015,September,27,0.554130733,20.76666667,-208.8131868,,36.555,-76.417
Gutenberg,GDS,Drained,P2,2016,January,29,0.112038273,7.9,-52.52083333,,36.555,-76.417
Gutenberg,GDS,Drained,P2,2016,February,21,0.188835763,8.5,-52.96875,,36.555,-76.417
Gutenberg,GDS,Drained,P2,2016,March,31,0.147122473,11.1,-92.91666667,,36.555,-76.417
Gutenberg,GDS,Drained,P2,2016,April,23,0.358034195,14.6,-112.2604167,,36.555,-76.417
Gutenberg,GDS,Drained,P2,2016,May,18,0.317248443,15.36666667,-87.21875,,36.555,-76.417
Gutenberg,GDS,Drained,P2,2016,June,16,0.584084048,20.4,-133.15625,,36.555,-76.417
Gutenberg,GDS,Drained,P2,2016,July,27,0.741706408,22.9,-118.2604167,,36.555,-76.417
Gutenberg,GDS,Drained,P2,2016,August,23,0.489766603,22.23333333,-113.8229167,,36.555,-76.417
Gutenberg,GDS,Drained,P2,2017,January,29,0.101986523,7.9,-81.73958333,,36.555,-76.417
Gutenberg,GDS,Drained,P2,2017,February,18,0.155147163,7.333333333,-109.4270833,,36.555,-76.417
Gutenberg,GDS,Drained,P2,2017,March,31,0.291980218,12.03333333,-107.25,,36.555,-76.417
Gutenberg,GDS,Drained,P2,2017,April,28,0.349622895,18.63333333,-96.11458333,,36.555,-76.417
Gutenberg,GDS,Drained,P3,2015,May,20,0.463835798,18.6,-99.94791667,,36.562,-76.425
Gutenberg,GDS,Drained,P3,2015,June,25,0.60159619,21.075,-123.3541667,,36.562,-76.425
Gutenberg,GDS,Drained,P3,2015,July,14,0.50074473,21.325,-56.08333333,,36.562,-76.425
Gutenberg,GDS,Drained,P3,2015,August,19,0.616784903,21.525,-137.8229167,,36.562,-76.425
Gutenberg,GDS,Drained,P3,2015,September,28,0.4882489,21.425,-212.5894737,,36.562,-76.425
Gutenberg,GDS,Drained,P3,2015,December,18,0.271582995,14.475,-77.54166667,,36.562,-76.425
Gutenberg,GDS,Drained,P3,2016,January,30,0.072681905,8.125,-25.79166667,,36.562,-76.425
Gutenberg,GDS,Drained,P3,2016,February,19,0.072404938,7.075,-25.26041667,,36.562,-76.425
Gutenberg,GDS,Drained,P3,2016,March,29,0.147706285,11.7,-75.39583333,,36.562,-76.425
Gutenberg,GDS,Drained,P3,2016,April,24,0.199065705,13.225,-92.76041667,,36.562,-76.425
Gutenberg,GDS,Drained,P3,2016,May,18,0.235667453,14.425,-55.66666667,,36.562,-76.425
Gutenberg,GDS,Drained,P3,2016,June,16,0.477947168,20,-132.59375,,36.562,-76.425
Gutenberg,GDS,Drained,P3,2016,July,26,0.578230005,22.65,-119.5833333,,36.562,-76.425
Gutenberg,GDS,Drained,P3,2016,August,23,0.49363859,22.125,-93.16666667,,36.562,-76.425
Gutenberg,GDS,Drained,P3,2017,January,27,0.099465468,9.025,-50.66666667,,36.562,-76.425
Gutenberg,GDS,Drained,P3,2017,February,17,0.114969693,8.075,-111.875,,36.562,-76.425
Gutenberg,GDS,Drained,P3,2017,March,31,0.162297985,11.875,-101.5806452,,36.562,-76.425
Gutenberg,GDS,Drained,P3,2017,April,28,0.324315008,16,-90.20833333,,36.562,-76.425
Gutenberg,GDS,Drained,C1_C2,2015,May,20,0.548542611,19.28333333,-104.2604167,,36.631,-76.461
Gutenberg,GDS,Drained,C1_C2,2015,June,25,0.646031476,21.3875,-142.8125,,36.631,-76.461
Gutenberg,GDS,Drained,C1_C2,2015,July,14,0.454990024,21.5875,-90.04255319,,36.631,-76.461
Gutenberg,GDS,Drained,C1_C2,2015,August,19,0.759468788,21.8875,-159.8958333,,36.631,-76.461
Gutenberg,GDS,Drained,C1_C2,2015,September,28,0.597295996,21.3,-190.8333333,,36.631,-76.461
Gutenberg,GDS,Drained,C1_C2,2015,October,23,0.166029723,14.5,-161.75,,36.631,-76.461
Gutenberg,GDS,Drained,C1_C2,2015,November,16,0.104972715,10.45,-128.5104167,,36.631,-76.461
Gutenberg,GDS,Drained,C1_C2,2015,December,18,0.18085004,14.5125,-99.26041667,,36.631,-76.461
Gutenberg,GDS,Drained,C1_C2,2016,January,30,0.081903703,8.1375,-38.91666667,,36.631,-76.461
Gutenberg,GDS,Drained,C1_C2,2016,February,20,0.11135388,7.425,-27.36458333,,36.631,-76.461
Gutenberg,GDS,Drained,C1_C2,2016,March,29,0.149297274,12.2,-97.53125,,36.631,-76.461
Gutenberg,GDS,Drained,C1_C2,2016,April,23,0.510018705,15.475,-129.25,,36.631,-76.461
Gutenberg,GDS,Drained,C1_C2,2016,May,18,0.299083913,15.125,-104.7916667,,36.631,-76.461
Gutenberg,GDS,Drained,C1_C2,2016,June,16,0.553734824,20,-162.8333333,,36.631,-76.461
Gutenberg,GDS,Drained,C1_C2,2016,July,26,0.622969559,23.3,-137.3645833,,36.631,-76.461
Gutenberg,GDS,Drained,C1_C2,2016,August,23,0.474717348,21.65,-122.1875,,36.631,-76.461
Gutenberg,GDS,Drained,C1_C2,2016,November,20,0.063424471,11.45,-93.91666667,,36.631,-76.461
Gutenberg,GDS,Drained,C1_C2,2016,December,17,0.066591006,6.5625,-97.39583333,,36.631,-76.461
Gutenberg,GDS,Drained,C1_C2,2017,January,27,0.05112136,8.85,-81.47368421,,36.631,-76.461
Gutenberg,GDS,Drained,C1_C2,2017,April,1,0.23969662,13.15,-110.2604167,,36.631,-76.461
Gutenberg,GDS,Drained,C1_C2,2017,April,28,0.387723765,18.0125,-82.29166667,,36.631,-76.461
Gutenberg,GDS,Drained,C3,2015,May,21,0.317970975,16.775,-21.20833333,,36.634,-76.465
Gutenberg,GDS,Drained,C3,2015,June,24,0.627332333,22.35,-50.76041667,,36.634,-76.465
Gutenberg,GDS,Drained,C3,2015,July,15,0.393038845,21.85,-9.760416667,,36.634,-76.465
Gutenberg,GDS,Drained,C3,2015,August,18,0.698338043,21.4,,,36.634,-76.465
Gutenberg,GDS,Drained,C3,2015,October,24,0.146577778,13.825,-55.22916667,,36.634,-76.465
Gutenberg,GDS,Drained,C3,2015,November,15,0.12558217,12.125,-29.52083333,,36.634,-76.465
Gutenberg,GDS,Drained,C3,2016,April,22,0.21453462,12.075,-22.01041667,,36.634,-76.465
Gutenberg,GDS,Drained,C3,2016,May,20,0.15806461,13.6,-21.8125,,36.634,-76.465
Gutenberg,GDS,Drained,C3,2016,June,15,0.388610423,18.15,-55.71875,,36.634,-76.465
Gutenberg,GDS,Drained,C3,2016,August,24,0.352518128,20.7,-109.5729167,,36.634,-76.465
Gutenberg,GDS,Drained,C3,2017,January,28,0.084243238,6.75,18.70212766,,36.634,-76.465
Gutenberg,GDS,Drained,C3,2017,March,30,0.12205338,9.675,-28.86458333,,36.634,-76.465
Gutenberg,GDS,Drained,C3,2017,April,29,0.240364675,17.05,-22.59375,,36.634,-76.465
Morse,TLRP,Restored,T207,2007,July,9,0.709240131,28.8,-14.42863016,,,
Morse,TLRP,Restored,T208,2007,July,9,0.474610082,27.9,-46.80144656,,,
Morse,TLRP,Restored,T209,2007,July,9,0.71771798,27.06666667,-42.79977641,,,
Morse,TLRP,Restored,T210,2007,July,9,0.647501012,30.3,-29.61677307,,,
Morse,TLRP,Restored,T211,2007,July,9,0.558909934,29.53333333,-25.07754531,,,
Morse,TLRP,Restored,T212,2007,July,9,1.285513783,29.6,-24.41572146,,,
Morse,TLRP,Restored,T213,2007,July,9,0.63177096,32.33333333,-34.37062589,,,
Morse,TLRP,Restored,T214,2007,July,9,0.626951164,31.03333333,-44.18401229,,,
Morse,TLRP,Restored,T215,2007,July,9,0.493973644,33.16666667,-29.72687802,,,
Morse,TLRP,Restored,T216,2007,July,9,0.733749707,30.4,-20.02648646,,,
Morse,TLRP,Restored,T217,2007,July,9,1.614473494,28.8,-24.16211823,,,
Morse,TLRP,Restored,T218,2007,July,9,0.745649943,33.4,-39.81763281,,,
Morse,TLRP,Restored,T219,2007,July,9,0.826302928,35.83333333,-34.34501,,,
Morse,TLRP,Restored,T220,2007,July,9,0.445421131,33.56666667,-29.73320089,,,
Morse,TLRP,Restored,T303,2007,July,11,0.11320046,24.46666667,29.72281563,,,
Morse,TLRP,Restored,T305,2007,July,11,0.030902798,30.56666667,-3.115170833,,,
Morse,TLRP,Restored,T306,2007,July,11,0.004028337,31.6,19.66965417,,,
Morse,TLRP,Restored,T307,2007,July,11,0.022599264,33.76666667,13.62932083,,,
Morse,TLRP,Restored,T308,2007,July,11,0.043416829,33.13333333,26.1873625,,,
Morse,TLRP,Restored,T309,2007,July,11,0.422727124,30.36666667,-3.2213875,,,
Morse,TLRP,Restored,T310,2007,July,11,0.186541493,29.6,3.1713625,,,
Morse,TLRP,Restored,T311,2007,July,11,0.021579738,32.1,18.45882083,,,
Morse,TLRP,Restored,T312,2007,July,11,0.261500856,29.43333333,-0.521458333,,,
Morse,TLRP,Restored,T313,2007,July,11,0.576315498,29.43333333,-17.80252792,,,
Morse,TLRP,Restored,T314,2007,July,11,0.031434467,33,17.49477917,,,
Morse,TLRP,Restored,T315,2007,July,11,0.016385648,25.63333333,10.91827917,,,
Morse,TLRP,Restored,T316,2007,July,11,0.583194406,24.7,-14.43648167,,,
Morse,TLRP,Restored,T317,2007,July,11,0.21348546,25.93333333,3.838695833,,,
Morse,TLRP,Restored,T318,2007,July,11,0.172673699,24.86666667,-20.08436708,,,
Morse,TLRP,Restored,T320,2007,July,11,0.616715674,25.13333333,-23.72251333,,,
Morse,TLRP,Restored,T214,2007,September,11,0.031774274,24.96666667,-44.01949427,,,
Morse,TLRP,Restored,T215,2007,September,11,0.116689882,26.7,-29.63196964,,,
Morse,TLRP,Restored,T219,2007,September,11,0.018484357,27.33333333,-33.73399528,,,
Morse,TLRP,Restored,T220,2007,September,11,0.06237094,26.66666667,-30.25139995,,,
Morse,TLRP,Restored,T303,2007,September,12,0.146168135,25.33333333,-13.8390919,,,
Morse,TLRP,Restored,T306,2007,September,12,0.466205212,27.1,-19.86708474,,,
Morse,TLRP,Restored,T309,2007,September,12,0.048005265,24.5,-21.30341849,,,
Morse,TLRP,Restored,T311,2007,September,12,0.159764408,24.3,1.950515625,,,
Morse,TLRP,Restored,T316,2007,September,12,0.241394332,25.23333333,-19.03975755,,,
Morse,TLRP,Restored,T319,2007,September,12,0.289630389,28.8,-13.67912146,,,
Morse,TLRP,Restored,T320,2007,September,12,0.871474947,25.56666667,-24.20283568,,,
Morse,TLRP,Restored,T207,2007,November,12,0.163887117,11.7,-14.46992089,,,
Morse,TLRP,Restored,T208,2007,November,12,0.127640772,11.23333333,-33.3604287,,,
Morse,TLRP,Restored,T209,2007,November,12,0.085030112,13.46666667,-45.38207281,,,
Morse,TLRP,Restored,T210,2007,November,12,0.217195284,12.73333333,-29.55936953,,,
Morse,TLRP,Restored,T211,2007,November,12,0.374166821,12.4,-24.69197729,,,
Morse,TLRP,Restored,T212,2007,November,12,0.027736668,12.93333333,-24.14666802,,,
Morse,TLRP,Restored,T213,2007,November,12,0.293516271,13.13333333,-34.15293323,,,
Morse,TLRP,Restored,T214,2007,November,12,0.222881446,12.5,-44.02627891,,,
Morse,TLRP,Restored,T215,2007,November,12,0.276812204,13.86666667,-29.65004578,,,
Morse,TLRP,Restored,T216,2007,November,12,0.24448626,13.33333333,-20.52742375,,,
Morse,TLRP,Restored,T217,2007,November,12,0.168625896,11.73333333,-24.03083229,,,
Morse,TLRP,Restored,T218,2007,November,12,0.161577959,12.36666667,-39.50613708,,,
Morse,TLRP,Restored,T219,2007,November,12,0.298896308,14.16666667,-34.14627167,,,
Morse,TLRP,Restored,T220,2007,November,12,0.321611831,12.63333333,-30.5583076,,,
Morse,TLRP,Restored,T307,2007,November,13,0.151239264,10.03333333,3.674165625,,,
Morse,TLRP,Restored,T309,2007,November,13,0.40102852,11.26666667,-15.18493021,,,
Morse,TLRP,Restored,T310,2007,November,13,0.722107778,13.8,-14.13258583,,,
Morse,TLRP,Restored,T311,2007,November,13,0.207158546,13.66666667,7.41621875,,,
Morse,TLRP,Restored,T314,2007,November,13,0.024373638,11.93333333,5.656291146,,,
Morse,TLRP,Restored,T317,2007,November,13,0.131980598,18.7,-19.55119625,,,
Morse,TLRP,Restored,T318,2007,November,13,0.155727865,13.93333333,-23.18994828,,,
Morse,TLRP,Restored,T319,2007,November,13,0.16909614,15.13333333,-13.87662839,,,
Morse,TLRP,Restored,T320,2007,November,13,0.113526931,13.63333333,-24.46861505,,,
Morse,TLRP,Restored,T207,2008,January,14,0.038735607,10.66666667,-14.26586427,,,
Morse,TLRP,Restored,T208,2008,January,14,0.034511528,10.8,-30.92373065,,,
Morse,TLRP,Restored,T209,2008,January,14,0.01167171,11.26666667,-45.7111847,,,
Morse,TLRP,Restored,T210,2008,January,14,0.035654778,12.16666667,-29.49753635,,,
Morse,TLRP,Restored,T213,2008,January,14,0.065009336,11.2,-34.4117226,,,
Morse,TLRP,Restored,T215,2008,January,14,0.030437506,11.76666667,-29.54891979,,,
Morse,TLRP,Restored,T216,2008,January,14,0.022716346,11.6,-20.89746526,,,
Morse,TLRP,Restored,T303,2008,January,15,0.04188043,8.9,9.698413542,,,
Morse,TLRP,Restored,T305,2008,January,15,0.016656038,7.966666667,-12.36707531,,,
Morse,TLRP,Restored,T309,2008,January,15,0.036304392,6.933333333,-23.2071201,,,
Morse,TLRP,Restored,T311,2008,January,15,0.017834458,8.47037037,9.587864583,,,
Morse,TLRP,Restored,T312,2008,January,15,0.023915476,6.759259259,-4.346709375,,,
Morse,TLRP,Restored,T314,2008,January,15,0.004347683,5.959259259,5.680275,,,
Morse,TLRP,Restored,T317,2008,January,15,0.012559227,3.9,-18.47060948,,,
Morse,TLRP,Restored,T318,2008,January,15,0.011292862,6.533333333,-23.70528146,,,
Morse,TLRP,Restored,T319,2008,January,15,0.01115726,4.833333333,-14.6468976,,,
Morse,TLRP,Restored,T320,2008,January,15,0.040903726,6.066666667,-24.26567625,,,
Morse,TLRP,Restored,T208,2008,March,11,0.139984885,12.2,-22.58913594,,,
Morse,TLRP,Restored,T209,2008,March,11,0.197204617,11.2,-27.8378349,,,
Morse,TLRP,Restored,T210,2008,March,11,0.082129136,11.86666667,1.872456771,,,
Morse,TLRP,Restored,T211,2008,March,11,0.450389293,11.33333333,-9.195452604,,,
Morse,TLRP,Restored,T212,2008,March,11,0.150592945,11.6,-16.14952396,,,
Morse,TLRP,Restored,T213,2008,March,11,0.008504022,10.33333333,-12.4363401,,,
Morse,TLRP,Restored,T214,2008,March,11,0.018909381,9.266666667,2.309784896,,,
Morse,TLRP,Restored,T215,2008,March,11,0.06484326,11.5,-1.314553646,,,
Morse,TLRP,Restored,T216,2008,March,11,0.154516782,10.06666667,-11.62344682,,,
Morse,TLRP,Restored,T217,2008,March,11,0.027722992,9.166666667,-5.708441667,,,
Morse,TLRP,Restored,T218,2008,March,11,0.041941778,9.666666667,3.735071354,,,
Morse,TLRP,Restored,T219,2008,March,11,0.139441334,11.6,-20.38331615,,,
Morse,TLRP,Restored,T220,2008,March,11,0.0779774,9.6,0.087774479,,,
Morse,TLRP,Restored,T303,2008,March,12,0.159362943,13.4,45.5703125,,,
Morse,TLRP,Restored,T305,2008,March,12,0.020322492,13.06666667,30.79882656,,,
Morse,TLRP,Restored,T307,2008,March,12,0.213478421,13.33333333,15.83875885,,,
Morse,TLRP,Restored,T308,2008,March,12,0.139949364,13.7,41.33885635,,,
Morse,TLRP,Restored,T309,2008,March,12,0.010715659,13.83333333,-0.561366146,,,
Morse,TLRP,Restored,T310,2008,March,12,0.029349954,18.13333333,8.055115833,,,
Morse,TLRP,Restored,T311,2008,March,12,0.121399364,17.3,32.54479531,,,
Morse,TLRP,Restored,T312,2008,March,12,0.082531047,19,13.04158411,,,
Morse,TLRP,Restored,T313,2008,March,12,0.174475341,12.43333333,-11.47103526,,,
Morse,TLRP,Restored,T314,2008,March,12,0.086770767,18.03333333,30.7167901,,,
Morse,TLRP,Restored,T316,2008,March,12,0.109685186,11.76666667,-3.659872396,,,
Morse,TLRP,Restored,T318,2008,March,12,0.172921363,12.7,-4.4201125,,,
Morse,TLRP,Restored,T319,2008,March,12,0.210257528,15.03333333,-3.378611979,,,
Morse,TLRP,Restored,T320,2008,March,12,0.435823515,14.4,-24.43095917,,,
Morse,TLRP,Restored,T206,2008,May,13,0.041287611,21.26666667,6.597672917,,,
Morse,TLRP,Restored,T207,2008,May,13,0.303006404,17.2,-7.208094896,,,
Morse,TLRP,Restored,T208,2008,May,13,0.103535668,17,-12.25595156,,,
Morse,TLRP,Restored,T209,2008,May,13,0.158313515,16,-26.52624292,,,
Morse,TLRP,Restored,T210,2008,May,13,0.302149481,19.06666667,-5.277807813,,,
Morse,TLRP,Restored,T211,2008,May,13,0.525535022,17.86666667,-17.80401844,,,
Morse,TLRP,Restored,T212,2008,May,13,0.415193535,17.96666667,-21.84025375,,,
Morse,TLRP,Restored,T213,2008,May,13,0.296366942,16.4,-19.09909948,,,
Morse,TLRP,Restored,T214,2008,May,13,0.17596665,15.43333333,-4.286830729,,,
Morse,TLRP,Restored,T215,2008,May,13,0.172775301,18.06666667,-8.094304167,,,
Morse,TLRP,Restored,T216,2008,May,13,0.602481488,15.83333333,-15.87836786,,,
Morse,TLRP,Restored,T217,2008,May,13,0.138693687,14.73333333,-13.95163807,,,
Morse,TLRP,Restored,T218,2008,May,13,0.183694579,15.56666667,3.499388021,,,
Morse,TLRP,Restored,T219,2008,May,13,0.495667011,16.7,-22.18852214,,,
Morse,TLRP,Restored,T220,2008,May,13,0.251725853,16.13333333,-5.573359375,,,
Morse,TLRP,Restored,T303,2008,May,14,0.065301634,16.4,51.03489583,,,
Morse,TLRP,Restored,T305,2008,May,14,0.017880835,17.3,41.27166042,,,
Morse,TLRP,Restored,T306,2008,May,14,0.046237288,17.7,39.38036354,,,
Morse,TLRP,Restored,T307,2008,May,14,0.030908076,16.7,13.75111354,,,
Morse,TLRP,Restored,T309,2008,May,14,0.134700773,27.5,-1.610667708,,,
Morse,TLRP,Restored,T310,2008,May,14,0.107638491,24.9,6.476488542,,,
Morse,TLRP,Restored,T311,2008,May,14,0.067618123,22.93333333,35.79714479,,,
Morse,TLRP,Restored,T312,2008,May,14,0.025170705,25.46666667,16.59920281,,,
Morse,TLRP,Restored,T313,2008,May,14,0.349446753,17.4,-8.5185875,,,
Morse,TLRP,Restored,T314,2008,May,14,0.101191977,21.83333333,33.62294167,,,
Morse,TLRP,Restored,T315,2008,May,14,0.085301544,23.06666667,29.6567137,,,
Morse,TLRP,Restored,T316,2008,May,14,0.037216663,16.4,-0.506070833,,,
Morse,TLRP,Restored,T317,2008,May,14,0.114613431,27.36666667,10.03150938,,,
Morse,TLRP,Restored,T318,2008,May,14,0.408174752,18,-1.06911724,,,
Morse,TLRP,Restored,T319,2008,May,14,0.437136623,19.56666667,-1.008365625,,,
Morse,TLRP,Restored,T320,2008,May,14,1.09846975,17.76666667,-23.16817719,,,
Morse,TLRP,Restored,T206,2008,July,8,0.03080052,25.6,-21.96858483,,,
Morse,TLRP,Restored,T207,2008,July,8,0.543334398,25.56666667,-14.05896378,,,
Morse,TLRP,Restored,T208,2008,July,8,0.254525352,26.46666667,-37.70587843,,,
Morse,TLRP,Restored,T209,2008,July,8,0.419205261,27.1,-47.52047494,,,
Morse,TLRP,Restored,T210,2008,July,8,0.323299555,28.13333333,-28.84689988,,,
Morse,TLRP,Restored,T211,2008,July,8,0.426090108,24.76666667,-24.38469529,,,
Morse,TLRP,Restored,T212,2008,July,8,1.046976298,25.36666667,-23.98762278,,,
Morse,TLRP,Restored,T213,2008,July,8,0.641676751,25.56666667,-33.02358449,,,
Morse,TLRP,Restored,T214,2008,July,8,0.481545486,25.13333333,-43.59557063,,,
Morse,TLRP,Restored,T215,2008,July,8,0.383267848,27.96666667,-29.38595,,,
Morse,TLRP,Restored,T216,2008,July,8,0.635704827,24.66666667,-19.91186114,,,
Morse,TLRP,Restored,T217,2008,July,8,0.92017791,24.83333333,-23.8866067,,,
Morse,TLRP,Restored,T218,2008,July,8,0.492693923,26.06666667,-31.4738246,,,
Morse,TLRP,Restored,T219,2008,July,8,0.372874714,25.93333333,-33.39600936,,,
Morse,TLRP,Restored,T220,2008,July,8,0.435405899,24.93333333,-30.40347157,,,
Morse,TLRP,Restored,T303,2008,July,10,0.18782669,24.06666667,5.670833333,,,
Morse,TLRP,Restored,T304,2008,July,10,0.600896298,24.6,-11.47311591,,,
Morse,TLRP,Restored,T305,2008,July,10,0.876863382,24.1,15.45880156,,,
Morse,TLRP,Restored,T306,2008,July,10,0.160689193,23.93333333,-3.839235677,,,
Morse,TLRP,Restored,T307,2008,July,10,0.468938528,25.2,-46.30240781,,,
Morse,TLRP,Restored,T308,2008,July,10,0.037481653,24.1,6.598436979,,,
Morse,TLRP,Restored,T309,2008,July,10,0.357114739,23.9,-50.92011339,,,
Morse,TLRP,Restored,T310,2008,July,10,1.179366759,23.93333333,-41.48087031,,,
Morse,TLRP,Restored,T312,2008,July,10,0.472385373,24.43333333,-13.78745589,,,
Morse,TLRP,Restored,T313,2008,July,10,0.467444307,22.96666667,-24.56845557,,,
Morse,TLRP,Restored,T314,2008,July,10,0.359026624,24.03333333,-16.54725917,,,
Morse,TLRP,Restored,T315,2008,July,10,0.562174496,23.56666667,-13.05353041,,,
Morse,TLRP,Restored,T316,2008,July,10,0.34743225,22.86666667,-18.96090271,,,
Morse,TLRP,Restored,T317,2008,July,10,0.279572924,23.7,-18.42692599,,,
Morse,TLRP,Restored,T318,2008,July,10,0.318311113,23.56666667,-22.49818578,,,
Morse,TLRP,Restored,T319,2008,July,10,0.448511399,24.26666667,-11.63165849,,,
Morse,TLRP,Restored,T320,2008,July,10,0.667510529,23.36666667,-24.43497224,,,
Morse,TLRP,Restored,T206,2008,September,29,0.096609652,24.9,-12.24520313,,,
Morse,TLRP,Restored,T207,2008,September,29,0.377134367,21.76666667,-14.94322594,,,
Morse,TLRP,Restored,T208,2008,September,29,0.25850377,21.5,-32.40148281,,,
Morse,TLRP,Restored,T209,2008,September,29,0.618417632,22.86666667,-49.65093635,,,
Morse,TLRP,Restored,T210,2008,September,29,0.3258761,22.4,-29.09135208,,,
Morse,TLRP,Restored,T211,2008,September,29,0.187639873,21.73333333,-25.09903797,,,
Morse,TLRP,Restored,T212,2008,September,29,0.375346814,21.96666667,-23.89229833,,,
Morse,TLRP,Restored,T213,2008,September,29,0.56348809,21.46666667,-33.5713651,,,
Morse,TLRP,Restored,T214,2008,September,29,0.417898937,21.53333333,-43.63294396,,,
Morse,TLRP,Restored,T215,2008,September,29,0.472450476,23.86666667,-31.54023359,,,
Morse,TLRP,Restored,T216,2008,September,29,0.328983624,22.06666667,-19.99459677,,,
Morse,TLRP,Restored,T217,2008,September,29,0.374053176,22.46666667,-24.90222672,,,
Morse,TLRP,Restored,T218,2008,September,29,0.464004918,23.06666667,-33.22208521,,,
Morse,TLRP,Restored,T219,2008,September,29,0.463263852,23.4,-34.54837661,,,
Morse,TLRP,Restored,T220,2008,September,29,0.437273557,22.23333333,-30.70565609,,,
Morse,TLRP,Restored,T303,2008,September,30,0.099241076,21.7,-3.461979167,,,
Morse,TLRP,Restored,T304,2008,September,30,0.902247063,21.83333333,-24.38488771,,,
Morse,TLRP,Restored,T306,2008,September,30,0.486304278,21.6,-19.35655599,,,
Morse,TLRP,Restored,T307,2008,September,30,0.383430466,21.2,-41.90932604,,,
Morse,TLRP,Restored,T308,2008,September,30,0.468157688,21.53333333,-20.64168818,,,
Morse,TLRP,Restored,T309,2008,September,30,0.473664263,21.2,-48.43946667,,,
Morse,TLRP,Restored,T310,2008,September,30,0.320799942,21.5,-38.76466719,,,
Morse,TLRP,Restored,T311,2008,September,30,0.317872965,21.4,-28.60077198,,,
Morse,TLRP,Restored,T312,2008,September,30,0.412494157,21.9,-13.83145432,,,
Morse,TLRP,Restored,T313,2008,September,30,0.38184235,21.53333333,-25.19898052,,,
Morse,TLRP,Restored,T314,2008,September,30,0.332288707,22.15,-16.73362833,,,
Morse,TLRP,Restored,T315,2008,September,30,0.33748252,22.55,-13.09261068,,,
Morse,TLRP,Restored,T316,2008,September,30,0.32813836,21.6,-20.37207948,,,
Morse,TLRP,Restored,T317,2008,September,30,0.257394372,22.65,-18.6445776,,,
Morse,TLRP,Restored,T318,2008,September,30,0.257861325,21.7,-24.01525859,,,
Morse,TLRP,Restored,T319,2008,September,30,0.299963626,22.35,-12.17518599,,,
Morse,TLRP,Restored,T320,2008,September,30,0.30761581,22.25,-23.86553219,,,
Morse,TLRP,Restored,T206,2009,January,28,0.085395961,10.1,4.495377604,,,
Morse,TLRP,Restored,T207,2009,January,28,0.423334093,8.133333333,-15.42116906,,,
Morse,TLRP,Restored,T208,2009,January,28,0.429568181,8.3,-23.83857448,,,
Morse,TLRP,Restored,T209,2009,January,28,0.282986057,8.1,-30.61754745,,,
Morse,TLRP,Restored,T210,2009,January,28,0.195859064,7.533333333,0.897242188,,,
Morse,TLRP,Restored,T211,2009,January,28,0.248218692,7.766666667,-11.4223349,,,
Morse,TLRP,Restored,T212,2009,January,28,0.257802305,7.7,-16.83204302,,,
Morse,TLRP,Restored,T217,2009,January,28,0.04899532,9.6,-6.326004688,,,
Morse,TLRP,Restored,T218,2009,January,28,0.133985069,8.633333333,13.71464323,,,
Morse,TLRP,Restored,T219,2009,January,28,0.157651725,10.16666667,-16.14171563,,,
Morse,TLRP,Restored,T220,2009,January,28,0.15258255,8.5,-10.33964896,,,
Morse,TLRP,Restored,T303,2009,January,29,0.054732195,12.3,39.97395833,,,
Morse,TLRP,Restored,T304,2009,January,29,0.071720939,13.1,26.22955885,,,
Morse,TLRP,Restored,T306,2009,January,29,0.032352429,14.3,27.73050156,,,
Morse,TLRP,Restored,T308,2009,January,29,0.047897178,13.33333333,31.8116526,,,
Morse,TLRP,Restored,T309,2009,January,29,0.027934987,10.03333333,-2.783920313,,,
Morse,TLRP,Restored,T310,2009,January,29,0.122015371,11.06666667,2.609305729,,,
Morse,TLRP,Restored,T311,2009,January,29,0.147512102,10.26666667,24.46449115,,,
Morse,TLRP,Restored,T312,2009,January,29,0.036940949,10,5.629415104,,,
Morse,TLRP,Restored,T313,2009,January,29,0.087519559,8.416666667,-19.53290135,,,
Morse,TLRP,Restored,T314,2009,January,29,0.085300643,9.433333333,21.67994427,,,
Morse,TLRP,Restored,T315,2009,January,29,0.110348217,9.466666667,18.36956927,,,
Morse,TLRP,Restored,T316,2009,January,29,0.059194141,8.766666667,-10.52357651,,,
Morse,TLRP,Restored,T317,2009,January,29,0.077322836,8.5,-0.684030729,,,
Morse,TLRP,Restored,T318,2009,January,29,0.072345811,8.466666667,-10.69542307,,,
Morse,TLRP,Restored,T319,2009,January,29,0.06176725,8.533333333,-8.176230156,,,
Morse,TLRP,Restored,T320,2009,January,29,0.116988743,8.933333333,-24.41130771,,,
Morse,TLRP,Restored,T206,2009,April,1,0.017644247,17.23333333,16.35609375,,,
Morse,TLRP,Restored,T207,2009,April,1,0.146978005,12.5,-5.35328125,,,
Morse,TLRP,Restored,T208,2009,April,1,0.096271742,11.66666667,-6.556614583,,,
Morse,TLRP,Restored,T209,2009,April,1,0.198316538,12.23333333,-25.20494792,,,
Morse,TLRP,Restored,T210,2009,April,1,0.104854545,13.3,2.954583333,,,
Morse,TLRP,Restored,T211,2009,April,1,0.235332792,10.93333333,-7.588541667,,,
Morse,TLRP,Restored,T212,2009,April,1,0.122837007,11.26666667,-13.93192708,,,
Morse,TLRP,Restored,T213,2009,April,1,0.098219829,10.86666667,-11.8221875,,,
Morse,TLRP,Restored,T214,2009,April,1,0.114723784,11.46666667,2.976510417,,,
Morse,TLRP,Restored,T215,2009,April,1,0.120496518,12.5,-0.405260417,,,
Morse,TLRP,Restored,T216,2009,April,1,0.110647772,10.96666667,-10.11276042,,,
Morse,TLRP,Restored,T217,2009,April,1,0.111980384,12.36666667,-4.060364583,,,
Morse,TLRP,Restored,T218,2009,April,1,0.151355267,13.1,16.15359375,,,
Morse,TLRP,Restored,T219,2009,April,1,0.212365025,11.7,-15.3725,,,
Morse,TLRP,Restored,T220,2009,April,1,0.084772784,11.86666667,0.72875,,,
Morse,TLRP,Restored,T303,2009,April,2,0.041934194,17.3,56.7587849,,,
Morse,TLRP,Restored,T304,2009,April,2,0.000654956,18.33333333,40.2725,,,
Morse,TLRP,Restored,T305,2009,April,2,0.029575486,18.13333333,-13.54542333,,,
Morse,TLRP,Restored,T309,2009,April,2,0.093969847,16.93333333,7.999270833,,,
Morse,TLRP,Restored,T310,2009,April,2,0.048073726,16.1,13.6828125,,,
Morse,TLRP,Restored,T311,2009,April,2,0.090503984,16.9,38.4559375,,,
Morse,TLRP,Restored,T312,2009,April,2,0.101618892,16.13333333,20.01010417,,,
Morse,TLRP,Restored,T313,2009,April,2,0.012854923,12.06666667,-7.293020833,,,
Morse,TLRP,Restored,T314,2009,April,2,0.153364125,15.16666667,34.68479167,,,
Morse,TLRP,Restored,T315,2009,April,2,0.058453247,14.43333333,32.25708333,,,
Morse,TLRP,Restored,T316,2009,April,2,0.1466939,12.63333333,2.374479167,,,
Morse,TLRP,Restored,T317,2009,April,2,0.244603534,14.26666667,12.68473958,,,
Morse,TLRP,Restored,T318,2009,April,2,0.156214499,13.06666667,0.953697917,,,
Morse,TLRP,Restored,T319,2009,April,2,0.087386098,12.06666667,2.1709375,,,
Morse,TLRP,Restored,T320,2009,April,2,0.206624741,12.4,-19.34427083,,,
Morse,TLRP,Restored,T206,2009,June,2,0.181757173,31.66666667,-5.4254375,,,
Morse,TLRP,Restored,T207,2009,June,2,0.498993614,22.93333333,-15.6535625,,,
Morse,TLRP,Restored,T208,2009,June,2,0.157974276,21.2,-31.9051875,,,
Morse,TLRP,Restored,T209,2009,June,2,0.544396816,22.73333333,-50.626875,,,
Morse,TLRP,Restored,T210,2009,June,2,0.58058562,23.3,-28.8627027,,,
Morse,TLRP,Restored,T211,2009,June,2,0.413378319,22.43333333,-24.58885135,,,
Morse,TLRP,Restored,T212,2009,June,2,0.436714127,22.2,-25.316125,,,
Morse,TLRP,Restored,T213,2009,June,2,0.466745498,21.83333333,-33.25145833,,,
Morse,TLRP,Restored,T214,2009,June,2,0.393313045,23.13333333,-1.790231481,,,
Morse,TLRP,Restored,T215,2009,June,2,0.585415011,26.26666667,-17.24145833,,,
Morse,TLRP,Restored,T216,2009,June,2,0.306951493,21.36666667,-21.40409722,,,
Morse,TLRP,Restored,T217,2009,June,2,1.301300721,27.8,-21.4335,,,
Morse,TLRP,Restored,T218,2009,June,2,0.545245357,23.9,12.72647619,,,
Morse,TLRP,Restored,T219,2009,June,2,0.670375479,22.06666667,-33.83657143,,,
Morse,TLRP,Restored,T220,2009,June,2,0.48738517,22.16666667,-8.074857143,,,
Morse,TLRP,Restored,T303,2009,June,3,0.075018998,25.76666667,56.96331919,,,
Morse,TLRP,Restored,T304,2009,June,3,0.11409198,27.36666667,35.13164286,,,
Morse,TLRP,Restored,T305,2009,June,3,0.107168518,27.4,-13.84225909,,,
Morse,TLRP,Restored,T306,2009,June,3,0.25863943,27.43333333,39.2630303,,,
Morse,TLRP,Restored,T307,2009,June,3,0.135249224,27.5,8.019621212,,,
Morse,TLRP,Restored,T308,2009,June,3,0.053579523,27.33333333,40.82272059,,,
Morse,TLRP,Restored,T309,2009,June,3,0.192506177,32.36666667,-4.580808824,,,
Morse,TLRP,Restored,T310,2009,June,3,0.202123708,31.4,5.102348485,,,
Morse,TLRP,Restored,T311,2009,June,3,0.163143721,29.9,36.16212121,,,
Morse,TLRP,Restored,T312,2009,June,3,0.124618978,31.26666667,18.00607143,,,
Morse,TLRP,Restored,T313,2009,June,3,0.360654402,22.36666667,-9.479142857,,,
Morse,TLRP,Restored,T314,2009,June,3,0.061119125,30.26666667,32.04371429,,,
Morse,TLRP,Restored,T315,2009,June,3,0.07719037,31.1,29.65514286,,,
Morse,TLRP,Restored,T316,2009,June,3,0.139945031,23.46666667,0.534428571,,,
Morse,TLRP,Restored,T317,2009,June,3,0.066249636,29.16666667,10.651,,,
Morse,TLRP,Restored,T318,2009,June,3,0.186008035,25.2,-0.271985294,,,
Morse,TLRP,Restored,T319,2009,June,3,0.368253251,25.5,-0.360955882,,,
Morse,TLRP,Restored,T320,2009,June,3,0.644033131,24.33333333,-22.65301471,,,